The system is: Linux - 6.8.0-49-generic - x86_64
Compiling the C compiler identification source file "CMakeCCompilerId.c" succeeded.
Compiler: /usr/bin/cc 
Build flags: 
Id flags:  

The output was:
0


Compilation of the C compiler identification source "CMakeCCompilerId.c" produced "a.out"

The C compiler identification is GNU, found in "/home/joe/Desktop/Workspace/Math24/Math24/build/CMakeFiles/3.22.1/CompilerIdC/a.out"

Compiling the CXX compiler identification source file "CMakeCXXCompilerId.cpp" succeeded.
Compiler: /usr/bin/c++ 
Build flags: 
Id flags:  

The output was:
0


Compilation of the CXX compiler identification source "CMakeCXXCompilerId.cpp" produced "a.out"

The CXX compiler identification is GNU, found in "/home/joe/Desktop/Workspace/Math24/Math24/build/CMakeFiles/3.22.1/CompilerIdCXX/a.out"

Detecting C compiler ABI info compiled with the following output:
Change Dir: /home/joe/Desktop/Workspace/Math24/Math24/build/CMakeFiles/CMakeTmp

Run Build Command(s):/usr/bin/gmake -f Makefile cmTC_96cac/fast && /usr/bin/gmake  -f CMakeFiles/cmTC_96cac.dir/build.make CMakeFiles/cmTC_96cac.dir/build
gmake[1]: Entering directory '/home/joe/Desktop/Workspace/Math24/Math24/build/CMakeFiles/CMakeTmp'
Building C object CMakeFiles/cmTC_96cac.dir/CMakeCCompilerABI.c.o
/usr/bin/cc   -v -o CMakeFiles/cmTC_96cac.dir/CMakeCCompilerABI.c.o -c /usr/share/cmake-3.22/Modules/CMakeCCompilerABI.c
Using built-in specs.
COLLECT_GCC=/usr/bin/cc
OFFLOAD_TARGET_NAMES=nvptx-none:amdgcn-amdhsa
OFFLOAD_TARGET_DEFAULT=1
Target: x86_64-linux-gnu
Configured with: ../src/configure -v --with-pkgversion='Ubuntu 11.4.0-1ubuntu1~22.04' --with-bugurl=file:///usr/share/doc/gcc-11/README.Bugs --enable-languages=c,ada,c++,go,brig,d,fortran,objc,obj-c++,m2 --prefix=/usr --with-gcc-major-version-only --program-suffix=-11 --program-prefix=x86_64-linux-gnu- --enable-shared --enable-linker-build-id --libexecdir=/usr/lib --without-included-gettext --enable-threads=posix --libdir=/usr/lib --enable-nls --enable-bootstrap --enable-clocale=gnu --enable-libstdcxx-debug --enable-libstdcxx-time=yes --with-default-libstdcxx-abi=new --enable-gnu-unique-object --disable-vtable-verify --enable-plugin --enable-default-pie --with-system-zlib --enable-libphobos-checking=release --with-target-system-zlib=auto --enable-objc-gc=auto --enable-multiarch --disable-werror --enable-cet --with-arch-32=i686 --with-abi=m64 --with-multilib-list=m32,m64,mx32 --enable-multilib --with-tune=generic --enable-offload-targets=nvptx-none=/build/gcc-11-XeT9lY/gcc-11-11.4.0/debian/tmp-nvptx/usr,amdgcn-amdhsa=/build/gcc-11-XeT9lY/gcc-11-11.4.0/debian/tmp-gcn/usr --without-cuda-driver --enable-checking=release --build=x86_64-linux-gnu --host=x86_64-linux-gnu --target=x86_64-linux-gnu --with-build-config=bootstrap-lto-lean --enable-link-serialization=2
Thread model: posix
Supported LTO compression algorithms: zlib zstd
gcc version 11.4.0 (Ubuntu 11.4.0-1ubuntu1~22.04) 
COLLECT_GCC_OPTIONS='-v' '-o' 'CMakeFiles/cmTC_96cac.dir/CMakeCCompilerABI.c.o' '-c' '-mtune=generic' '-march=x86-64' '-dumpdir' 'CMakeFiles/cmTC_96cac.dir/'
 /usr/lib/gcc/x86_64-linux-gnu/11/cc1 -quiet -v -imultiarch x86_64-linux-gnu /usr/share/cmake-3.22/Modules/CMakeCCompilerABI.c -quiet -dumpdir CMakeFiles/cmTC_96cac.dir/ -dumpbase CMakeCCompilerABI.c.c -dumpbase-ext .c -mtune=generic -march=x86-64 -version -fasynchronous-unwind-tables -fstack-protector-strong -Wformat -Wformat-security -fstack-clash-protection -fcf-protection -o /tmp/ccyAQhLR.s
GNU C17 (Ubuntu 11.4.0-1ubuntu1~22.04) version 11.4.0 (x86_64-linux-gnu)
	compiled by GNU C version 11.4.0, GMP version 6.2.1, MPFR version 4.1.0, MPC version 1.2.1, isl version isl-0.24-GMP

GGC heuristics: --param ggc-min-expand=100 --param ggc-min-heapsize=131072
ignoring nonexistent directory "/usr/local/include/x86_64-linux-gnu"
ignoring nonexistent directory "/usr/lib/gcc/x86_64-linux-gnu/11/include-fixed"
ignoring nonexistent directory "/usr/lib/gcc/x86_64-linux-gnu/11/../../../../x86_64-linux-gnu/include"
#include "..." search starts here:
#include <...> search starts here:
 /usr/lib/gcc/x86_64-linux-gnu/11/include
 /usr/local/include
 /usr/include/x86_64-linux-gnu
 /usr/include
End of search list.
GNU C17 (Ubuntu 11.4.0-1ubuntu1~22.04) version 11.4.0 (x86_64-linux-gnu)
	compiled by GNU C version 11.4.0, GMP version 6.2.1, MPFR version 4.1.0, MPC version 1.2.1, isl version isl-0.24-GMP

GGC heuristics: --param ggc-min-expand=100 --param ggc-min-heapsize=131072
Compiler executable checksum: 50eaa2331df977b8016186198deb2d18
COLLECT_GCC_OPTIONS='-v' '-o' 'CMakeFiles/cmTC_96cac.dir/CMakeCCompilerABI.c.o' '-c' '-mtune=generic' '-march=x86-64' '-dumpdir' 'CMakeFiles/cmTC_96cac.dir/'
 as -v --64 -o CMakeFiles/cmTC_96cac.dir/CMakeCCompilerABI.c.o /tmp/ccyAQhLR.s
GNU assembler version 2.38 (x86_64-linux-gnu) using BFD version (GNU Binutils for Ubuntu) 2.38
COMPILER_PATH=/usr/lib/gcc/x86_64-linux-gnu/11/:/usr/lib/gcc/x86_64-linux-gnu/11/:/usr/lib/gcc/x86_64-linux-gnu/:/usr/lib/gcc/x86_64-linux-gnu/11/:/usr/lib/gcc/x86_64-linux-gnu/
LIBRARY_PATH=/home/joe/libs/TensorRT-10.3.0.26/lib/../lib/:/usr/lib/gcc/x86_64-linux-gnu/11/:/usr/lib/gcc/x86_64-linux-gnu/11/../../../x86_64-linux-gnu/:/usr/lib/gcc/x86_64-linux-gnu/11/../../../../lib/:/lib/x86_64-linux-gnu/:/lib/../lib/:/usr/lib/x86_64-linux-gnu/:/usr/lib/../lib/:./:/home/joe/libs/TensorRT-10.3.0.26/lib/:/usr/lib/gcc/x86_64-linux-gnu/11/../../../:/lib/:/usr/lib/
COLLECT_GCC_OPTIONS='-v' '-o' 'CMakeFiles/cmTC_96cac.dir/CMakeCCompilerABI.c.o' '-c' '-mtune=generic' '-march=x86-64' '-dumpdir' 'CMakeFiles/cmTC_96cac.dir/CMakeCCompilerABI.c.'
Linking C executable cmTC_96cac
/usr/bin/cmake -E cmake_link_script CMakeFiles/cmTC_96cac.dir/link.txt --verbose=1
/usr/bin/cc  -v CMakeFiles/cmTC_96cac.dir/CMakeCCompilerABI.c.o -o cmTC_96cac 
Using built-in specs.
COLLECT_GCC=/usr/bin/cc
COLLECT_LTO_WRAPPER=/usr/lib/gcc/x86_64-linux-gnu/11/lto-wrapper
OFFLOAD_TARGET_NAMES=nvptx-none:amdgcn-amdhsa
OFFLOAD_TARGET_DEFAULT=1
Target: x86_64-linux-gnu
Configured with: ../src/configure -v --with-pkgversion='Ubuntu 11.4.0-1ubuntu1~22.04' --with-bugurl=file:///usr/share/doc/gcc-11/README.Bugs --enable-languages=c,ada,c++,go,brig,d,fortran,objc,obj-c++,m2 --prefix=/usr --with-gcc-major-version-only --program-suffix=-11 --program-prefix=x86_64-linux-gnu- --enable-shared --enable-linker-build-id --libexecdir=/usr/lib --without-included-gettext --enable-threads=posix --libdir=/usr/lib --enable-nls --enable-bootstrap --enable-clocale=gnu --enable-libstdcxx-debug --enable-libstdcxx-time=yes --with-default-libstdcxx-abi=new --enable-gnu-unique-object --disable-vtable-verify --enable-plugin --enable-default-pie --with-system-zlib --enable-libphobos-checking=release --with-target-system-zlib=auto --enable-objc-gc=auto --enable-multiarch --disable-werror --enable-cet --with-arch-32=i686 --with-abi=m64 --with-multilib-list=m32,m64,mx32 --enable-multilib --with-tune=generic --enable-offload-targets=nvptx-none=/build/gcc-11-XeT9lY/gcc-11-11.4.0/debian/tmp-nvptx/usr,amdgcn-amdhsa=/build/gcc-11-XeT9lY/gcc-11-11.4.0/debian/tmp-gcn/usr --without-cuda-driver --enable-checking=release --build=x86_64-linux-gnu --host=x86_64-linux-gnu --target=x86_64-linux-gnu --with-build-config=bootstrap-lto-lean --enable-link-serialization=2
Thread model: posix
Supported LTO compression algorithms: zlib zstd
gcc version 11.4.0 (Ubuntu 11.4.0-1ubuntu1~22.04) 
COMPILER_PATH=/usr/lib/gcc/x86_64-linux-gnu/11/:/usr/lib/gcc/x86_64-linux-gnu/11/:/usr/lib/gcc/x86_64-linux-gnu/:/usr/lib/gcc/x86_64-linux-gnu/11/:/usr/lib/gcc/x86_64-linux-gnu/
LIBRARY_PATH=/home/joe/libs/TensorRT-10.3.0.26/lib/../lib/:/usr/lib/gcc/x86_64-linux-gnu/11/:/usr/lib/gcc/x86_64-linux-gnu/11/../../../x86_64-linux-gnu/:/usr/lib/gcc/x86_64-linux-gnu/11/../../../../lib/:/lib/x86_64-linux-gnu/:/lib/../lib/:/usr/lib/x86_64-linux-gnu/:/usr/lib/../lib/:./:/home/joe/libs/TensorRT-10.3.0.26/lib/:/usr/lib/gcc/x86_64-linux-gnu/11/../../../:/lib/:/usr/lib/
COLLECT_GCC_OPTIONS='-v' '-o' 'cmTC_96cac' '-mtune=generic' '-march=x86-64' '-dumpdir' 'cmTC_96cac.'
 /usr/lib/gcc/x86_64-linux-gnu/11/collect2 -plugin /usr/lib/gcc/x86_64-linux-gnu/11/liblto_plugin.so -plugin-opt=/usr/lib/gcc/x86_64-linux-gnu/11/lto-wrapper -plugin-opt=-fresolution=/tmp/cc7RK7f2.res -plugin-opt=-pass-through=-lgcc -plugin-opt=-pass-through=-lgcc_s -plugin-opt=-pass-through=-lc -plugin-opt=-pass-through=-lgcc -plugin-opt=-pass-through=-lgcc_s --build-id --eh-frame-hdr -m elf_x86_64 --hash-style=gnu --as-needed -dynamic-linker /lib64/ld-linux-x86-64.so.2 -pie -z now -z relro -o cmTC_96cac /usr/lib/gcc/x86_64-linux-gnu/11/../../../x86_64-linux-gnu/Scrt1.o /usr/lib/gcc/x86_64-linux-gnu/11/../../../x86_64-linux-gnu/crti.o /usr/lib/gcc/x86_64-linux-gnu/11/crtbeginS.o -L/home/joe/libs/TensorRT-10.3.0.26/lib/../lib -L/usr/lib/gcc/x86_64-linux-gnu/11 -L/usr/lib/gcc/x86_64-linux-gnu/11/../../../x86_64-linux-gnu -L/usr/lib/gcc/x86_64-linux-gnu/11/../../../../lib -L/lib/x86_64-linux-gnu -L/lib/../lib -L/usr/lib/x86_64-linux-gnu -L/usr/lib/../lib -L. -L/home/joe/libs/TensorRT-10.3.0.26/lib -L/usr/lib/gcc/x86_64-linux-gnu/11/../../.. CMakeFiles/cmTC_96cac.dir/CMakeCCompilerABI.c.o -lgcc --push-state --as-needed -lgcc_s --pop-state -lc -lgcc --push-state --as-needed -lgcc_s --pop-state /usr/lib/gcc/x86_64-linux-gnu/11/crtendS.o /usr/lib/gcc/x86_64-linux-gnu/11/../../../x86_64-linux-gnu/crtn.o
COLLECT_GCC_OPTIONS='-v' '-o' 'cmTC_96cac' '-mtune=generic' '-march=x86-64' '-dumpdir' 'cmTC_96cac.'
gmake[1]: Leaving directory '/home/joe/Desktop/Workspace/Math24/Math24/build/CMakeFiles/CMakeTmp'



Parsed C implicit include dir info from above output: rv=done
  found start of include info
  found start of implicit include info
    add: [/usr/lib/gcc/x86_64-linux-gnu/11/include]
    add: [/usr/local/include]
    add: [/usr/include/x86_64-linux-gnu]
    add: [/usr/include]
  end of search list found
  collapse include dir [/usr/lib/gcc/x86_64-linux-gnu/11/include] ==> [/usr/lib/gcc/x86_64-linux-gnu/11/include]
  collapse include dir [/usr/local/include] ==> [/usr/local/include]
  collapse include dir [/usr/include/x86_64-linux-gnu] ==> [/usr/include/x86_64-linux-gnu]
  collapse include dir [/usr/include] ==> [/usr/include]
  implicit include dirs: [/usr/lib/gcc/x86_64-linux-gnu/11/include;/usr/local/include;/usr/include/x86_64-linux-gnu;/usr/include]


Parsed C implicit link information from above output:
  link line regex: [^( *|.*[/\])(ld|CMAKE_LINK_STARTFILE-NOTFOUND|([^/\]+-)?ld|collect2)[^/\]*( |$)]
  ignore line: [Change Dir: /home/joe/Desktop/Workspace/Math24/Math24/build/CMakeFiles/CMakeTmp]
  ignore line: []
  ignore line: [Run Build Command(s):/usr/bin/gmake -f Makefile cmTC_96cac/fast && /usr/bin/gmake  -f CMakeFiles/cmTC_96cac.dir/build.make CMakeFiles/cmTC_96cac.dir/build]
  ignore line: [gmake[1]: Entering directory '/home/joe/Desktop/Workspace/Math24/Math24/build/CMakeFiles/CMakeTmp']
  ignore line: [Building C object CMakeFiles/cmTC_96cac.dir/CMakeCCompilerABI.c.o]
  ignore line: [/usr/bin/cc   -v -o CMakeFiles/cmTC_96cac.dir/CMakeCCompilerABI.c.o -c /usr/share/cmake-3.22/Modules/CMakeCCompilerABI.c]
  ignore line: [Using built-in specs.]
  ignore line: [COLLECT_GCC=/usr/bin/cc]
  ignore line: [OFFLOAD_TARGET_NAMES=nvptx-none:amdgcn-amdhsa]
  ignore line: [OFFLOAD_TARGET_DEFAULT=1]
  ignore line: [Target: x86_64-linux-gnu]
  ignore line: [Configured with: ../src/configure -v --with-pkgversion='Ubuntu 11.4.0-1ubuntu1~22.04' --with-bugurl=file:///usr/share/doc/gcc-11/README.Bugs --enable-languages=c ada c++ go brig d fortran objc obj-c++ m2 --prefix=/usr --with-gcc-major-version-only --program-suffix=-11 --program-prefix=x86_64-linux-gnu- --enable-shared --enable-linker-build-id --libexecdir=/usr/lib --without-included-gettext --enable-threads=posix --libdir=/usr/lib --enable-nls --enable-bootstrap --enable-clocale=gnu --enable-libstdcxx-debug --enable-libstdcxx-time=yes --with-default-libstdcxx-abi=new --enable-gnu-unique-object --disable-vtable-verify --enable-plugin --enable-default-pie --with-system-zlib --enable-libphobos-checking=release --with-target-system-zlib=auto --enable-objc-gc=auto --enable-multiarch --disable-werror --enable-cet --with-arch-32=i686 --with-abi=m64 --with-multilib-list=m32 m64 mx32 --enable-multilib --with-tune=generic --enable-offload-targets=nvptx-none=/build/gcc-11-XeT9lY/gcc-11-11.4.0/debian/tmp-nvptx/usr amdgcn-amdhsa=/build/gcc-11-XeT9lY/gcc-11-11.4.0/debian/tmp-gcn/usr --without-cuda-driver --enable-checking=release --build=x86_64-linux-gnu --host=x86_64-linux-gnu --target=x86_64-linux-gnu --with-build-config=bootstrap-lto-lean --enable-link-serialization=2]
  ignore line: [Thread model: posix]
  ignore line: [Supported LTO compression algorithms: zlib zstd]
  ignore line: [gcc version 11.4.0 (Ubuntu 11.4.0-1ubuntu1~22.04) ]
  ignore line: [COLLECT_GCC_OPTIONS='-v' '-o' 'CMakeFiles/cmTC_96cac.dir/CMakeCCompilerABI.c.o' '-c' '-mtune=generic' '-march=x86-64' '-dumpdir' 'CMakeFiles/cmTC_96cac.dir/']
  ignore line: [ /usr/lib/gcc/x86_64-linux-gnu/11/cc1 -quiet -v -imultiarch x86_64-linux-gnu /usr/share/cmake-3.22/Modules/CMakeCCompilerABI.c -quiet -dumpdir CMakeFiles/cmTC_96cac.dir/ -dumpbase CMakeCCompilerABI.c.c -dumpbase-ext .c -mtune=generic -march=x86-64 -version -fasynchronous-unwind-tables -fstack-protector-strong -Wformat -Wformat-security -fstack-clash-protection -fcf-protection -o /tmp/ccyAQhLR.s]
  ignore line: [GNU C17 (Ubuntu 11.4.0-1ubuntu1~22.04) version 11.4.0 (x86_64-linux-gnu)]
  ignore line: [	compiled by GNU C version 11.4.0  GMP version 6.2.1  MPFR version 4.1.0  MPC version 1.2.1  isl version isl-0.24-GMP]
  ignore line: []
  ignore line: [GGC heuristics: --param ggc-min-expand=100 --param ggc-min-heapsize=131072]
  ignore line: [ignoring nonexistent directory "/usr/local/include/x86_64-linux-gnu"]
  ignore line: [ignoring nonexistent directory "/usr/lib/gcc/x86_64-linux-gnu/11/include-fixed"]
  ignore line: [ignoring nonexistent directory "/usr/lib/gcc/x86_64-linux-gnu/11/../../../../x86_64-linux-gnu/include"]
  ignore line: [#include "..." search starts here:]
  ignore line: [#include <...> search starts here:]
  ignore line: [ /usr/lib/gcc/x86_64-linux-gnu/11/include]
  ignore line: [ /usr/local/include]
  ignore line: [ /usr/include/x86_64-linux-gnu]
  ignore line: [ /usr/include]
  ignore line: [End of search list.]
  ignore line: [GNU C17 (Ubuntu 11.4.0-1ubuntu1~22.04) version 11.4.0 (x86_64-linux-gnu)]
  ignore line: [	compiled by GNU C version 11.4.0  GMP version 6.2.1  MPFR version 4.1.0  MPC version 1.2.1  isl version isl-0.24-GMP]
  ignore line: []
  ignore line: [GGC heuristics: --param ggc-min-expand=100 --param ggc-min-heapsize=131072]
  ignore line: [Compiler executable checksum: 50eaa2331df977b8016186198deb2d18]
  ignore line: [COLLECT_GCC_OPTIONS='-v' '-o' 'CMakeFiles/cmTC_96cac.dir/CMakeCCompilerABI.c.o' '-c' '-mtune=generic' '-march=x86-64' '-dumpdir' 'CMakeFiles/cmTC_96cac.dir/']
  ignore line: [ as -v --64 -o CMakeFiles/cmTC_96cac.dir/CMakeCCompilerABI.c.o /tmp/ccyAQhLR.s]
  ignore line: [GNU assembler version 2.38 (x86_64-linux-gnu) using BFD version (GNU Binutils for Ubuntu) 2.38]
  ignore line: [COMPILER_PATH=/usr/lib/gcc/x86_64-linux-gnu/11/:/usr/lib/gcc/x86_64-linux-gnu/11/:/usr/lib/gcc/x86_64-linux-gnu/:/usr/lib/gcc/x86_64-linux-gnu/11/:/usr/lib/gcc/x86_64-linux-gnu/]
  ignore line: [LIBRARY_PATH=/home/joe/libs/TensorRT-10.3.0.26/lib/../lib/:/usr/lib/gcc/x86_64-linux-gnu/11/:/usr/lib/gcc/x86_64-linux-gnu/11/../../../x86_64-linux-gnu/:/usr/lib/gcc/x86_64-linux-gnu/11/../../../../lib/:/lib/x86_64-linux-gnu/:/lib/../lib/:/usr/lib/x86_64-linux-gnu/:/usr/lib/../lib/:./:/home/joe/libs/TensorRT-10.3.0.26/lib/:/usr/lib/gcc/x86_64-linux-gnu/11/../../../:/lib/:/usr/lib/]
  ignore line: [COLLECT_GCC_OPTIONS='-v' '-o' 'CMakeFiles/cmTC_96cac.dir/CMakeCCompilerABI.c.o' '-c' '-mtune=generic' '-march=x86-64' '-dumpdir' 'CMakeFiles/cmTC_96cac.dir/CMakeCCompilerABI.c.']
  ignore line: [Linking C executable cmTC_96cac]
  ignore line: [/usr/bin/cmake -E cmake_link_script CMakeFiles/cmTC_96cac.dir/link.txt --verbose=1]
  ignore line: [/usr/bin/cc  -v CMakeFiles/cmTC_96cac.dir/CMakeCCompilerABI.c.o -o cmTC_96cac ]
  ignore line: [Using built-in specs.]
  ignore line: [COLLECT_GCC=/usr/bin/cc]
  ignore line: [COLLECT_LTO_WRAPPER=/usr/lib/gcc/x86_64-linux-gnu/11/lto-wrapper]
  ignore line: [OFFLOAD_TARGET_NAMES=nvptx-none:amdgcn-amdhsa]
  ignore line: [OFFLOAD_TARGET_DEFAULT=1]
  ignore line: [Target: x86_64-linux-gnu]
  ignore line: [Configured with: ../src/configure -v --with-pkgversion='Ubuntu 11.4.0-1ubuntu1~22.04' --with-bugurl=file:///usr/share/doc/gcc-11/README.Bugs --enable-languages=c ada c++ go brig d fortran objc obj-c++ m2 --prefix=/usr --with-gcc-major-version-only --program-suffix=-11 --program-prefix=x86_64-linux-gnu- --enable-shared --enable-linker-build-id --libexecdir=/usr/lib --without-included-gettext --enable-threads=posix --libdir=/usr/lib --enable-nls --enable-bootstrap --enable-clocale=gnu --enable-libstdcxx-debug --enable-libstdcxx-time=yes --with-default-libstdcxx-abi=new --enable-gnu-unique-object --disable-vtable-verify --enable-plugin --enable-default-pie --with-system-zlib --enable-libphobos-checking=release --with-target-system-zlib=auto --enable-objc-gc=auto --enable-multiarch --disable-werror --enable-cet --with-arch-32=i686 --with-abi=m64 --with-multilib-list=m32 m64 mx32 --enable-multilib --with-tune=generic --enable-offload-targets=nvptx-none=/build/gcc-11-XeT9lY/gcc-11-11.4.0/debian/tmp-nvptx/usr amdgcn-amdhsa=/build/gcc-11-XeT9lY/gcc-11-11.4.0/debian/tmp-gcn/usr --without-cuda-driver --enable-checking=release --build=x86_64-linux-gnu --host=x86_64-linux-gnu --target=x86_64-linux-gnu --with-build-config=bootstrap-lto-lean --enable-link-serialization=2]
  ignore line: [Thread model: posix]
  ignore line: [Supported LTO compression algorithms: zlib zstd]
  ignore line: [gcc version 11.4.0 (Ubuntu 11.4.0-1ubuntu1~22.04) ]
  ignore line: [COMPILER_PATH=/usr/lib/gcc/x86_64-linux-gnu/11/:/usr/lib/gcc/x86_64-linux-gnu/11/:/usr/lib/gcc/x86_64-linux-gnu/:/usr/lib/gcc/x86_64-linux-gnu/11/:/usr/lib/gcc/x86_64-linux-gnu/]
  ignore line: [LIBRARY_PATH=/home/joe/libs/TensorRT-10.3.0.26/lib/../lib/:/usr/lib/gcc/x86_64-linux-gnu/11/:/usr/lib/gcc/x86_64-linux-gnu/11/../../../x86_64-linux-gnu/:/usr/lib/gcc/x86_64-linux-gnu/11/../../../../lib/:/lib/x86_64-linux-gnu/:/lib/../lib/:/usr/lib/x86_64-linux-gnu/:/usr/lib/../lib/:./:/home/joe/libs/TensorRT-10.3.0.26/lib/:/usr/lib/gcc/x86_64-linux-gnu/11/../../../:/lib/:/usr/lib/]
  ignore line: [COLLECT_GCC_OPTIONS='-v' '-o' 'cmTC_96cac' '-mtune=generic' '-march=x86-64' '-dumpdir' 'cmTC_96cac.']
  link line: [ /usr/lib/gcc/x86_64-linux-gnu/11/collect2 -plugin /usr/lib/gcc/x86_64-linux-gnu/11/liblto_plugin.so -plugin-opt=/usr/lib/gcc/x86_64-linux-gnu/11/lto-wrapper -plugin-opt=-fresolution=/tmp/cc7RK7f2.res -plugin-opt=-pass-through=-lgcc -plugin-opt=-pass-through=-lgcc_s -plugin-opt=-pass-through=-lc -plugin-opt=-pass-through=-lgcc -plugin-opt=-pass-through=-lgcc_s --build-id --eh-frame-hdr -m elf_x86_64 --hash-style=gnu --as-needed -dynamic-linker /lib64/ld-linux-x86-64.so.2 -pie -z now -z relro -o cmTC_96cac /usr/lib/gcc/x86_64-linux-gnu/11/../../../x86_64-linux-gnu/Scrt1.o /usr/lib/gcc/x86_64-linux-gnu/11/../../../x86_64-linux-gnu/crti.o /usr/lib/gcc/x86_64-linux-gnu/11/crtbeginS.o -L/home/joe/libs/TensorRT-10.3.0.26/lib/../lib -L/usr/lib/gcc/x86_64-linux-gnu/11 -L/usr/lib/gcc/x86_64-linux-gnu/11/../../../x86_64-linux-gnu -L/usr/lib/gcc/x86_64-linux-gnu/11/../../../../lib -L/lib/x86_64-linux-gnu -L/lib/../lib -L/usr/lib/x86_64-linux-gnu -L/usr/lib/../lib -L. -L/home/joe/libs/TensorRT-10.3.0.26/lib -L/usr/lib/gcc/x86_64-linux-gnu/11/../../.. CMakeFiles/cmTC_96cac.dir/CMakeCCompilerABI.c.o -lgcc --push-state --as-needed -lgcc_s --pop-state -lc -lgcc --push-state --as-needed -lgcc_s --pop-state /usr/lib/gcc/x86_64-linux-gnu/11/crtendS.o /usr/lib/gcc/x86_64-linux-gnu/11/../../../x86_64-linux-gnu/crtn.o]
    arg [/usr/lib/gcc/x86_64-linux-gnu/11/collect2] ==> ignore
    arg [-plugin] ==> ignore
    arg [/usr/lib/gcc/x86_64-linux-gnu/11/liblto_plugin.so] ==> ignore
    arg [-plugin-opt=/usr/lib/gcc/x86_64-linux-gnu/11/lto-wrapper] ==> ignore
    arg [-plugin-opt=-fresolution=/tmp/cc7RK7f2.res] ==> ignore
    arg [-plugin-opt=-pass-through=-lgcc] ==> ignore
    arg [-plugin-opt=-pass-through=-lgcc_s] ==> ignore
    arg [-plugin-opt=-pass-through=-lc] ==> ignore
    arg [-plugin-opt=-pass-through=-lgcc] ==> ignore
    arg [-plugin-opt=-pass-through=-lgcc_s] ==> ignore
    arg [--build-id] ==> ignore
    arg [--eh-frame-hdr] ==> ignore
    arg [-m] ==> ignore
    arg [elf_x86_64] ==> ignore
    arg [--hash-style=gnu] ==> ignore
    arg [--as-needed] ==> ignore
    arg [-dynamic-linker] ==> ignore
    arg [/lib64/ld-linux-x86-64.so.2] ==> ignore
    arg [-pie] ==> ignore
    arg [-znow] ==> ignore
    arg [-zrelro] ==> ignore
    arg [-o] ==> ignore
    arg [cmTC_96cac] ==> ignore
    arg [/usr/lib/gcc/x86_64-linux-gnu/11/../../../x86_64-linux-gnu/Scrt1.o] ==> obj [/usr/lib/gcc/x86_64-linux-gnu/11/../../../x86_64-linux-gnu/Scrt1.o]
    arg [/usr/lib/gcc/x86_64-linux-gnu/11/../../../x86_64-linux-gnu/crti.o] ==> obj [/usr/lib/gcc/x86_64-linux-gnu/11/../../../x86_64-linux-gnu/crti.o]
    arg [/usr/lib/gcc/x86_64-linux-gnu/11/crtbeginS.o] ==> obj [/usr/lib/gcc/x86_64-linux-gnu/11/crtbeginS.o]
    arg [-L/home/joe/libs/TensorRT-10.3.0.26/lib/../lib] ==> dir [/home/joe/libs/TensorRT-10.3.0.26/lib/../lib]
    arg [-L/usr/lib/gcc/x86_64-linux-gnu/11] ==> dir [/usr/lib/gcc/x86_64-linux-gnu/11]
    arg [-L/usr/lib/gcc/x86_64-linux-gnu/11/../../../x86_64-linux-gnu] ==> dir [/usr/lib/gcc/x86_64-linux-gnu/11/../../../x86_64-linux-gnu]
    arg [-L/usr/lib/gcc/x86_64-linux-gnu/11/../../../../lib] ==> dir [/usr/lib/gcc/x86_64-linux-gnu/11/../../../../lib]
    arg [-L/lib/x86_64-linux-gnu] ==> dir [/lib/x86_64-linux-gnu]
    arg [-L/lib/../lib] ==> dir [/lib/../lib]
    arg [-L/usr/lib/x86_64-linux-gnu] ==> dir [/usr/lib/x86_64-linux-gnu]
    arg [-L/usr/lib/../lib] ==> dir [/usr/lib/../lib]
    arg [-L.] ==> ignore
    arg [-L/home/joe/libs/TensorRT-10.3.0.26/lib] ==> dir [/home/joe/libs/TensorRT-10.3.0.26/lib]
    arg [-L/usr/lib/gcc/x86_64-linux-gnu/11/../../..] ==> dir [/usr/lib/gcc/x86_64-linux-gnu/11/../../..]
    arg [CMakeFiles/cmTC_96cac.dir/CMakeCCompilerABI.c.o] ==> ignore
    arg [-lgcc] ==> lib [gcc]
    arg [--push-state] ==> ignore
    arg [--as-needed] ==> ignore
    arg [-lgcc_s] ==> lib [gcc_s]
    arg [--pop-state] ==> ignore
    arg [-lc] ==> lib [c]
    arg [-lgcc] ==> lib [gcc]
    arg [--push-state] ==> ignore
    arg [--as-needed] ==> ignore
    arg [-lgcc_s] ==> lib [gcc_s]
    arg [--pop-state] ==> ignore
    arg [/usr/lib/gcc/x86_64-linux-gnu/11/crtendS.o] ==> obj [/usr/lib/gcc/x86_64-linux-gnu/11/crtendS.o]
    arg [/usr/lib/gcc/x86_64-linux-gnu/11/../../../x86_64-linux-gnu/crtn.o] ==> obj [/usr/lib/gcc/x86_64-linux-gnu/11/../../../x86_64-linux-gnu/crtn.o]
  collapse obj [/usr/lib/gcc/x86_64-linux-gnu/11/../../../x86_64-linux-gnu/Scrt1.o] ==> [/usr/lib/x86_64-linux-gnu/Scrt1.o]
  collapse obj [/usr/lib/gcc/x86_64-linux-gnu/11/../../../x86_64-linux-gnu/crti.o] ==> [/usr/lib/x86_64-linux-gnu/crti.o]
  collapse obj [/usr/lib/gcc/x86_64-linux-gnu/11/../../../x86_64-linux-gnu/crtn.o] ==> [/usr/lib/x86_64-linux-gnu/crtn.o]
  collapse library dir [/home/joe/libs/TensorRT-10.3.0.26/lib/../lib] ==> [/home/joe/libs/TensorRT-10.3.0.26/lib]
  collapse library dir [/usr/lib/gcc/x86_64-linux-gnu/11] ==> [/usr/lib/gcc/x86_64-linux-gnu/11]
  collapse library dir [/usr/lib/gcc/x86_64-linux-gnu/11/../../../x86_64-linux-gnu] ==> [/usr/lib/x86_64-linux-gnu]
  collapse library dir [/usr/lib/gcc/x86_64-linux-gnu/11/../../../../lib] ==> [/usr/lib]
  collapse library dir [/lib/x86_64-linux-gnu] ==> [/lib/x86_64-linux-gnu]
  collapse library dir [/lib/../lib] ==> [/lib]
  collapse library dir [/usr/lib/x86_64-linux-gnu] ==> [/usr/lib/x86_64-linux-gnu]
  collapse library dir [/usr/lib/../lib] ==> [/usr/lib]
  collapse library dir [/home/joe/libs/TensorRT-10.3.0.26/lib] ==> [/home/joe/libs/TensorRT-10.3.0.26/lib]
  collapse library dir [/usr/lib/gcc/x86_64-linux-gnu/11/../../..] ==> [/usr/lib]
  implicit libs: [gcc;gcc_s;c;gcc;gcc_s]
  implicit objs: [/usr/lib/x86_64-linux-gnu/Scrt1.o;/usr/lib/x86_64-linux-gnu/crti.o;/usr/lib/gcc/x86_64-linux-gnu/11/crtbeginS.o;/usr/lib/gcc/x86_64-linux-gnu/11/crtendS.o;/usr/lib/x86_64-linux-gnu/crtn.o]
  implicit dirs: [/home/joe/libs/TensorRT-10.3.0.26/lib;/usr/lib/gcc/x86_64-linux-gnu/11;/usr/lib/x86_64-linux-gnu;/usr/lib;/lib/x86_64-linux-gnu;/lib]
  implicit fwks: []


Detecting CXX compiler ABI info compiled with the following output:
Change Dir: /home/joe/Desktop/Workspace/Math24/Math24/build/CMakeFiles/CMakeTmp

Run Build Command(s):/usr/bin/gmake -f Makefile cmTC_8a314/fast && /usr/bin/gmake  -f CMakeFiles/cmTC_8a314.dir/build.make CMakeFiles/cmTC_8a314.dir/build
gmake[1]: Entering directory '/home/joe/Desktop/Workspace/Math24/Math24/build/CMakeFiles/CMakeTmp'
Building CXX object CMakeFiles/cmTC_8a314.dir/CMakeCXXCompilerABI.cpp.o
/usr/bin/c++   -v -o CMakeFiles/cmTC_8a314.dir/CMakeCXXCompilerABI.cpp.o -c /usr/share/cmake-3.22/Modules/CMakeCXXCompilerABI.cpp
Using built-in specs.
COLLECT_GCC=/usr/bin/c++
OFFLOAD_TARGET_NAMES=nvptx-none:amdgcn-amdhsa
OFFLOAD_TARGET_DEFAULT=1
Target: x86_64-linux-gnu
Configured with: ../src/configure -v --with-pkgversion='Ubuntu 11.4.0-1ubuntu1~22.04' --with-bugurl=file:///usr/share/doc/gcc-11/README.Bugs --enable-languages=c,ada,c++,go,brig,d,fortran,objc,obj-c++,m2 --prefix=/usr --with-gcc-major-version-only --program-suffix=-11 --program-prefix=x86_64-linux-gnu- --enable-shared --enable-linker-build-id --libexecdir=/usr/lib --without-included-gettext --enable-threads=posix --libdir=/usr/lib --enable-nls --enable-bootstrap --enable-clocale=gnu --enable-libstdcxx-debug --enable-libstdcxx-time=yes --with-default-libstdcxx-abi=new --enable-gnu-unique-object --disable-vtable-verify --enable-plugin --enable-default-pie --with-system-zlib --enable-libphobos-checking=release --with-target-system-zlib=auto --enable-objc-gc=auto --enable-multiarch --disable-werror --enable-cet --with-arch-32=i686 --with-abi=m64 --with-multilib-list=m32,m64,mx32 --enable-multilib --with-tune=generic --enable-offload-targets=nvptx-none=/build/gcc-11-XeT9lY/gcc-11-11.4.0/debian/tmp-nvptx/usr,amdgcn-amdhsa=/build/gcc-11-XeT9lY/gcc-11-11.4.0/debian/tmp-gcn/usr --without-cuda-driver --enable-checking=release --build=x86_64-linux-gnu --host=x86_64-linux-gnu --target=x86_64-linux-gnu --with-build-config=bootstrap-lto-lean --enable-link-serialization=2
Thread model: posix
Supported LTO compression algorithms: zlib zstd
gcc version 11.4.0 (Ubuntu 11.4.0-1ubuntu1~22.04) 
COLLECT_GCC_OPTIONS='-v' '-o' 'CMakeFiles/cmTC_8a314.dir/CMakeCXXCompilerABI.cpp.o' '-c' '-shared-libgcc' '-mtune=generic' '-march=x86-64' '-dumpdir' 'CMakeFiles/cmTC_8a314.dir/'
 /usr/lib/gcc/x86_64-linux-gnu/11/cc1plus -quiet -v -imultiarch x86_64-linux-gnu -D_GNU_SOURCE /usr/share/cmake-3.22/Modules/CMakeCXXCompilerABI.cpp -quiet -dumpdir CMakeFiles/cmTC_8a314.dir/ -dumpbase CMakeCXXCompilerABI.cpp.cpp -dumpbase-ext .cpp -mtune=generic -march=x86-64 -version -fasynchronous-unwind-tables -fstack-protector-strong -Wformat -Wformat-security -fstack-clash-protection -fcf-protection -o /tmp/ccKq8H51.s
GNU C++17 (Ubuntu 11.4.0-1ubuntu1~22.04) version 11.4.0 (x86_64-linux-gnu)
	compiled by GNU C version 11.4.0, GMP version 6.2.1, MPFR version 4.1.0, MPC version 1.2.1, isl version isl-0.24-GMP

GGC heuristics: --param ggc-min-expand=100 --param ggc-min-heapsize=131072
ignoring duplicate directory "/usr/include/x86_64-linux-gnu/c++/11"
ignoring nonexistent directory "/usr/local/include/x86_64-linux-gnu"
ignoring nonexistent directory "/usr/lib/gcc/x86_64-linux-gnu/11/include-fixed"
ignoring nonexistent directory "/usr/lib/gcc/x86_64-linux-gnu/11/../../../../x86_64-linux-gnu/include"
#include "..." search starts here:
#include <...> search starts here:
 /usr/include/c++/11
 /usr/include/x86_64-linux-gnu/c++/11
 /usr/include/c++/11/backward
 /usr/lib/gcc/x86_64-linux-gnu/11/include
 /usr/local/include
 /usr/include/x86_64-linux-gnu
 /usr/include
End of search list.
GNU C++17 (Ubuntu 11.4.0-1ubuntu1~22.04) version 11.4.0 (x86_64-linux-gnu)
	compiled by GNU C version 11.4.0, GMP version 6.2.1, MPFR version 4.1.0, MPC version 1.2.1, isl version isl-0.24-GMP

GGC heuristics: --param ggc-min-expand=100 --param ggc-min-heapsize=131072
Compiler executable checksum: d591828bb4d392ae8b7b160e5bb0b95f
COLLECT_GCC_OPTIONS='-v' '-o' 'CMakeFiles/cmTC_8a314.dir/CMakeCXXCompilerABI.cpp.o' '-c' '-shared-libgcc' '-mtune=generic' '-march=x86-64' '-dumpdir' 'CMakeFiles/cmTC_8a314.dir/'
 as -v --64 -o CMakeFiles/cmTC_8a314.dir/CMakeCXXCompilerABI.cpp.o /tmp/ccKq8H51.s
GNU assembler version 2.38 (x86_64-linux-gnu) using BFD version (GNU Binutils for Ubuntu) 2.38
COMPILER_PATH=/usr/lib/gcc/x86_64-linux-gnu/11/:/usr/lib/gcc/x86_64-linux-gnu/11/:/usr/lib/gcc/x86_64-linux-gnu/:/usr/lib/gcc/x86_64-linux-gnu/11/:/usr/lib/gcc/x86_64-linux-gnu/
LIBRARY_PATH=/home/joe/libs/TensorRT-10.3.0.26/lib/../lib/:/usr/lib/gcc/x86_64-linux-gnu/11/:/usr/lib/gcc/x86_64-linux-gnu/11/../../../x86_64-linux-gnu/:/usr/lib/gcc/x86_64-linux-gnu/11/../../../../lib/:/lib/x86_64-linux-gnu/:/lib/../lib/:/usr/lib/x86_64-linux-gnu/:/usr/lib/../lib/:./:/home/joe/libs/TensorRT-10.3.0.26/lib/:/usr/lib/gcc/x86_64-linux-gnu/11/../../../:/lib/:/usr/lib/
COLLECT_GCC_OPTIONS='-v' '-o' 'CMakeFiles/cmTC_8a314.dir/CMakeCXXCompilerABI.cpp.o' '-c' '-shared-libgcc' '-mtune=generic' '-march=x86-64' '-dumpdir' 'CMakeFiles/cmTC_8a314.dir/CMakeCXXCompilerABI.cpp.'
Linking CXX executable cmTC_8a314
/usr/bin/cmake -E cmake_link_script CMakeFiles/cmTC_8a314.dir/link.txt --verbose=1
/usr/bin/c++  -v CMakeFiles/cmTC_8a314.dir/CMakeCXXCompilerABI.cpp.o -o cmTC_8a314 
Using built-in specs.
COLLECT_GCC=/usr/bin/c++
COLLECT_LTO_WRAPPER=/usr/lib/gcc/x86_64-linux-gnu/11/lto-wrapper
OFFLOAD_TARGET_NAMES=nvptx-none:amdgcn-amdhsa
OFFLOAD_TARGET_DEFAULT=1
Target: x86_64-linux-gnu
Configured with: ../src/configure -v --with-pkgversion='Ubuntu 11.4.0-1ubuntu1~22.04' --with-bugurl=file:///usr/share/doc/gcc-11/README.Bugs --enable-languages=c,ada,c++,go,brig,d,fortran,objc,obj-c++,m2 --prefix=/usr --with-gcc-major-version-only --program-suffix=-11 --program-prefix=x86_64-linux-gnu- --enable-shared --enable-linker-build-id --libexecdir=/usr/lib --without-included-gettext --enable-threads=posix --libdir=/usr/lib --enable-nls --enable-bootstrap --enable-clocale=gnu --enable-libstdcxx-debug --enable-libstdcxx-time=yes --with-default-libstdcxx-abi=new --enable-gnu-unique-object --disable-vtable-verify --enable-plugin --enable-default-pie --with-system-zlib --enable-libphobos-checking=release --with-target-system-zlib=auto --enable-objc-gc=auto --enable-multiarch --disable-werror --enable-cet --with-arch-32=i686 --with-abi=m64 --with-multilib-list=m32,m64,mx32 --enable-multilib --with-tune=generic --enable-offload-targets=nvptx-none=/build/gcc-11-XeT9lY/gcc-11-11.4.0/debian/tmp-nvptx/usr,amdgcn-amdhsa=/build/gcc-11-XeT9lY/gcc-11-11.4.0/debian/tmp-gcn/usr --without-cuda-driver --enable-checking=release --build=x86_64-linux-gnu --host=x86_64-linux-gnu --target=x86_64-linux-gnu --with-build-config=bootstrap-lto-lean --enable-link-serialization=2
Thread model: posix
Supported LTO compression algorithms: zlib zstd
gcc version 11.4.0 (Ubuntu 11.4.0-1ubuntu1~22.04) 
COMPILER_PATH=/usr/lib/gcc/x86_64-linux-gnu/11/:/usr/lib/gcc/x86_64-linux-gnu/11/:/usr/lib/gcc/x86_64-linux-gnu/:/usr/lib/gcc/x86_64-linux-gnu/11/:/usr/lib/gcc/x86_64-linux-gnu/
LIBRARY_PATH=/home/joe/libs/TensorRT-10.3.0.26/lib/../lib/:/usr/lib/gcc/x86_64-linux-gnu/11/:/usr/lib/gcc/x86_64-linux-gnu/11/../../../x86_64-linux-gnu/:/usr/lib/gcc/x86_64-linux-gnu/11/../../../../lib/:/lib/x86_64-linux-gnu/:/lib/../lib/:/usr/lib/x86_64-linux-gnu/:/usr/lib/../lib/:./:/home/joe/libs/TensorRT-10.3.0.26/lib/:/usr/lib/gcc/x86_64-linux-gnu/11/../../../:/lib/:/usr/lib/
COLLECT_GCC_OPTIONS='-v' '-o' 'cmTC_8a314' '-shared-libgcc' '-mtune=generic' '-march=x86-64' '-dumpdir' 'cmTC_8a314.'
 /usr/lib/gcc/x86_64-linux-gnu/11/collect2 -plugin /usr/lib/gcc/x86_64-linux-gnu/11/liblto_plugin.so -plugin-opt=/usr/lib/gcc/x86_64-linux-gnu/11/lto-wrapper -plugin-opt=-fresolution=/tmp/ccahDqMI.res -plugin-opt=-pass-through=-lgcc_s -plugin-opt=-pass-through=-lgcc -plugin-opt=-pass-through=-lc -plugin-opt=-pass-through=-lgcc_s -plugin-opt=-pass-through=-lgcc --build-id --eh-frame-hdr -m elf_x86_64 --hash-style=gnu --as-needed -dynamic-linker /lib64/ld-linux-x86-64.so.2 -pie -z now -z relro -o cmTC_8a314 /usr/lib/gcc/x86_64-linux-gnu/11/../../../x86_64-linux-gnu/Scrt1.o /usr/lib/gcc/x86_64-linux-gnu/11/../../../x86_64-linux-gnu/crti.o /usr/lib/gcc/x86_64-linux-gnu/11/crtbeginS.o -L/home/joe/libs/TensorRT-10.3.0.26/lib/../lib -L/usr/lib/gcc/x86_64-linux-gnu/11 -L/usr/lib/gcc/x86_64-linux-gnu/11/../../../x86_64-linux-gnu -L/usr/lib/gcc/x86_64-linux-gnu/11/../../../../lib -L/lib/x86_64-linux-gnu -L/lib/../lib -L/usr/lib/x86_64-linux-gnu -L/usr/lib/../lib -L. -L/home/joe/libs/TensorRT-10.3.0.26/lib -L/usr/lib/gcc/x86_64-linux-gnu/11/../../.. CMakeFiles/cmTC_8a314.dir/CMakeCXXCompilerABI.cpp.o -lstdc++ -lm -lgcc_s -lgcc -lc -lgcc_s -lgcc /usr/lib/gcc/x86_64-linux-gnu/11/crtendS.o /usr/lib/gcc/x86_64-linux-gnu/11/../../../x86_64-linux-gnu/crtn.o
COLLECT_GCC_OPTIONS='-v' '-o' 'cmTC_8a314' '-shared-libgcc' '-mtune=generic' '-march=x86-64' '-dumpdir' 'cmTC_8a314.'
gmake[1]: Leaving directory '/home/joe/Desktop/Workspace/Math24/Math24/build/CMakeFiles/CMakeTmp'



Parsed CXX implicit include dir info from above output: rv=done
  found start of include info
  found start of implicit include info
    add: [/usr/include/c++/11]
    add: [/usr/include/x86_64-linux-gnu/c++/11]
    add: [/usr/include/c++/11/backward]
    add: [/usr/lib/gcc/x86_64-linux-gnu/11/include]
    add: [/usr/local/include]
    add: [/usr/include/x86_64-linux-gnu]
    add: [/usr/include]
  end of search list found
  collapse include dir [/usr/include/c++/11] ==> [/usr/include/c++/11]
  collapse include dir [/usr/include/x86_64-linux-gnu/c++/11] ==> [/usr/include/x86_64-linux-gnu/c++/11]
  collapse include dir [/usr/include/c++/11/backward] ==> [/usr/include/c++/11/backward]
  collapse include dir [/usr/lib/gcc/x86_64-linux-gnu/11/include] ==> [/usr/lib/gcc/x86_64-linux-gnu/11/include]
  collapse include dir [/usr/local/include] ==> [/usr/local/include]
  collapse include dir [/usr/include/x86_64-linux-gnu] ==> [/usr/include/x86_64-linux-gnu]
  collapse include dir [/usr/include] ==> [/usr/include]
  implicit include dirs: [/usr/include/c++/11;/usr/include/x86_64-linux-gnu/c++/11;/usr/include/c++/11/backward;/usr/lib/gcc/x86_64-linux-gnu/11/include;/usr/local/include;/usr/include/x86_64-linux-gnu;/usr/include]


Parsed CXX implicit link information from above output:
  link line regex: [^( *|.*[/\])(ld|CMAKE_LINK_STARTFILE-NOTFOUND|([^/\]+-)?ld|collect2)[^/\]*( |$)]
  ignore line: [Change Dir: /home/joe/Desktop/Workspace/Math24/Math24/build/CMakeFiles/CMakeTmp]
  ignore line: []
  ignore line: [Run Build Command(s):/usr/bin/gmake -f Makefile cmTC_8a314/fast && /usr/bin/gmake  -f CMakeFiles/cmTC_8a314.dir/build.make CMakeFiles/cmTC_8a314.dir/build]
  ignore line: [gmake[1]: Entering directory '/home/joe/Desktop/Workspace/Math24/Math24/build/CMakeFiles/CMakeTmp']
  ignore line: [Building CXX object CMakeFiles/cmTC_8a314.dir/CMakeCXXCompilerABI.cpp.o]
  ignore line: [/usr/bin/c++   -v -o CMakeFiles/cmTC_8a314.dir/CMakeCXXCompilerABI.cpp.o -c /usr/share/cmake-3.22/Modules/CMakeCXXCompilerABI.cpp]
  ignore line: [Using built-in specs.]
  ignore line: [COLLECT_GCC=/usr/bin/c++]
  ignore line: [OFFLOAD_TARGET_NAMES=nvptx-none:amdgcn-amdhsa]
  ignore line: [OFFLOAD_TARGET_DEFAULT=1]
  ignore line: [Target: x86_64-linux-gnu]
  ignore line: [Configured with: ../src/configure -v --with-pkgversion='Ubuntu 11.4.0-1ubuntu1~22.04' --with-bugurl=file:///usr/share/doc/gcc-11/README.Bugs --enable-languages=c ada c++ go brig d fortran objc obj-c++ m2 --prefix=/usr --with-gcc-major-version-only --program-suffix=-11 --program-prefix=x86_64-linux-gnu- --enable-shared --enable-linker-build-id --libexecdir=/usr/lib --without-included-gettext --enable-threads=posix --libdir=/usr/lib --enable-nls --enable-bootstrap --enable-clocale=gnu --enable-libstdcxx-debug --enable-libstdcxx-time=yes --with-default-libstdcxx-abi=new --enable-gnu-unique-object --disable-vtable-verify --enable-plugin --enable-default-pie --with-system-zlib --enable-libphobos-checking=release --with-target-system-zlib=auto --enable-objc-gc=auto --enable-multiarch --disable-werror --enable-cet --with-arch-32=i686 --with-abi=m64 --with-multilib-list=m32 m64 mx32 --enable-multilib --with-tune=generic --enable-offload-targets=nvptx-none=/build/gcc-11-XeT9lY/gcc-11-11.4.0/debian/tmp-nvptx/usr amdgcn-amdhsa=/build/gcc-11-XeT9lY/gcc-11-11.4.0/debian/tmp-gcn/usr --without-cuda-driver --enable-checking=release --build=x86_64-linux-gnu --host=x86_64-linux-gnu --target=x86_64-linux-gnu --with-build-config=bootstrap-lto-lean --enable-link-serialization=2]
  ignore line: [Thread model: posix]
  ignore line: [Supported LTO compression algorithms: zlib zstd]
  ignore line: [gcc version 11.4.0 (Ubuntu 11.4.0-1ubuntu1~22.04) ]
  ignore line: [COLLECT_GCC_OPTIONS='-v' '-o' 'CMakeFiles/cmTC_8a314.dir/CMakeCXXCompilerABI.cpp.o' '-c' '-shared-libgcc' '-mtune=generic' '-march=x86-64' '-dumpdir' 'CMakeFiles/cmTC_8a314.dir/']
  ignore line: [ /usr/lib/gcc/x86_64-linux-gnu/11/cc1plus -quiet -v -imultiarch x86_64-linux-gnu -D_GNU_SOURCE /usr/share/cmake-3.22/Modules/CMakeCXXCompilerABI.cpp -quiet -dumpdir CMakeFiles/cmTC_8a314.dir/ -dumpbase CMakeCXXCompilerABI.cpp.cpp -dumpbase-ext .cpp -mtune=generic -march=x86-64 -version -fasynchronous-unwind-tables -fstack-protector-strong -Wformat -Wformat-security -fstack-clash-protection -fcf-protection -o /tmp/ccKq8H51.s]
  ignore line: [GNU C++17 (Ubuntu 11.4.0-1ubuntu1~22.04) version 11.4.0 (x86_64-linux-gnu)]
  ignore line: [	compiled by GNU C version 11.4.0  GMP version 6.2.1  MPFR version 4.1.0  MPC version 1.2.1  isl version isl-0.24-GMP]
  ignore line: []
  ignore line: [GGC heuristics: --param ggc-min-expand=100 --param ggc-min-heapsize=131072]
  ignore line: [ignoring duplicate directory "/usr/include/x86_64-linux-gnu/c++/11"]
  ignore line: [ignoring nonexistent directory "/usr/local/include/x86_64-linux-gnu"]
  ignore line: [ignoring nonexistent directory "/usr/lib/gcc/x86_64-linux-gnu/11/include-fixed"]
  ignore line: [ignoring nonexistent directory "/usr/lib/gcc/x86_64-linux-gnu/11/../../../../x86_64-linux-gnu/include"]
  ignore line: [#include "..." search starts here:]
  ignore line: [#include <...> search starts here:]
  ignore line: [ /usr/include/c++/11]
  ignore line: [ /usr/include/x86_64-linux-gnu/c++/11]
  ignore line: [ /usr/include/c++/11/backward]
  ignore line: [ /usr/lib/gcc/x86_64-linux-gnu/11/include]
  ignore line: [ /usr/local/include]
  ignore line: [ /usr/include/x86_64-linux-gnu]
  ignore line: [ /usr/include]
  ignore line: [End of search list.]
  ignore line: [GNU C++17 (Ubuntu 11.4.0-1ubuntu1~22.04) version 11.4.0 (x86_64-linux-gnu)]
  ignore line: [	compiled by GNU C version 11.4.0  GMP version 6.2.1  MPFR version 4.1.0  MPC version 1.2.1  isl version isl-0.24-GMP]
  ignore line: []
  ignore line: [GGC heuristics: --param ggc-min-expand=100 --param ggc-min-heapsize=131072]
  ignore line: [Compiler executable checksum: d591828bb4d392ae8b7b160e5bb0b95f]
  ignore line: [COLLECT_GCC_OPTIONS='-v' '-o' 'CMakeFiles/cmTC_8a314.dir/CMakeCXXCompilerABI.cpp.o' '-c' '-shared-libgcc' '-mtune=generic' '-march=x86-64' '-dumpdir' 'CMakeFiles/cmTC_8a314.dir/']
  ignore line: [ as -v --64 -o CMakeFiles/cmTC_8a314.dir/CMakeCXXCompilerABI.cpp.o /tmp/ccKq8H51.s]
  ignore line: [GNU assembler version 2.38 (x86_64-linux-gnu) using BFD version (GNU Binutils for Ubuntu) 2.38]
  ignore line: [COMPILER_PATH=/usr/lib/gcc/x86_64-linux-gnu/11/:/usr/lib/gcc/x86_64-linux-gnu/11/:/usr/lib/gcc/x86_64-linux-gnu/:/usr/lib/gcc/x86_64-linux-gnu/11/:/usr/lib/gcc/x86_64-linux-gnu/]
  ignore line: [LIBRARY_PATH=/home/joe/libs/TensorRT-10.3.0.26/lib/../lib/:/usr/lib/gcc/x86_64-linux-gnu/11/:/usr/lib/gcc/x86_64-linux-gnu/11/../../../x86_64-linux-gnu/:/usr/lib/gcc/x86_64-linux-gnu/11/../../../../lib/:/lib/x86_64-linux-gnu/:/lib/../lib/:/usr/lib/x86_64-linux-gnu/:/usr/lib/../lib/:./:/home/joe/libs/TensorRT-10.3.0.26/lib/:/usr/lib/gcc/x86_64-linux-gnu/11/../../../:/lib/:/usr/lib/]
  ignore line: [COLLECT_GCC_OPTIONS='-v' '-o' 'CMakeFiles/cmTC_8a314.dir/CMakeCXXCompilerABI.cpp.o' '-c' '-shared-libgcc' '-mtune=generic' '-march=x86-64' '-dumpdir' 'CMakeFiles/cmTC_8a314.dir/CMakeCXXCompilerABI.cpp.']
  ignore line: [Linking CXX executable cmTC_8a314]
  ignore line: [/usr/bin/cmake -E cmake_link_script CMakeFiles/cmTC_8a314.dir/link.txt --verbose=1]
  ignore line: [/usr/bin/c++  -v CMakeFiles/cmTC_8a314.dir/CMakeCXXCompilerABI.cpp.o -o cmTC_8a314 ]
  ignore line: [Using built-in specs.]
  ignore line: [COLLECT_GCC=/usr/bin/c++]
  ignore line: [COLLECT_LTO_WRAPPER=/usr/lib/gcc/x86_64-linux-gnu/11/lto-wrapper]
  ignore line: [OFFLOAD_TARGET_NAMES=nvptx-none:amdgcn-amdhsa]
  ignore line: [OFFLOAD_TARGET_DEFAULT=1]
  ignore line: [Target: x86_64-linux-gnu]
  ignore line: [Configured with: ../src/configure -v --with-pkgversion='Ubuntu 11.4.0-1ubuntu1~22.04' --with-bugurl=file:///usr/share/doc/gcc-11/README.Bugs --enable-languages=c ada c++ go brig d fortran objc obj-c++ m2 --prefix=/usr --with-gcc-major-version-only --program-suffix=-11 --program-prefix=x86_64-linux-gnu- --enable-shared --enable-linker-build-id --libexecdir=/usr/lib --without-included-gettext --enable-threads=posix --libdir=/usr/lib --enable-nls --enable-bootstrap --enable-clocale=gnu --enable-libstdcxx-debug --enable-libstdcxx-time=yes --with-default-libstdcxx-abi=new --enable-gnu-unique-object --disable-vtable-verify --enable-plugin --enable-default-pie --with-system-zlib --enable-libphobos-checking=release --with-target-system-zlib=auto --enable-objc-gc=auto --enable-multiarch --disable-werror --enable-cet --with-arch-32=i686 --with-abi=m64 --with-multilib-list=m32 m64 mx32 --enable-multilib --with-tune=generic --enable-offload-targets=nvptx-none=/build/gcc-11-XeT9lY/gcc-11-11.4.0/debian/tmp-nvptx/usr amdgcn-amdhsa=/build/gcc-11-XeT9lY/gcc-11-11.4.0/debian/tmp-gcn/usr --without-cuda-driver --enable-checking=release --build=x86_64-linux-gnu --host=x86_64-linux-gnu --target=x86_64-linux-gnu --with-build-config=bootstrap-lto-lean --enable-link-serialization=2]
  ignore line: [Thread model: posix]
  ignore line: [Supported LTO compression algorithms: zlib zstd]
  ignore line: [gcc version 11.4.0 (Ubuntu 11.4.0-1ubuntu1~22.04) ]
  ignore line: [COMPILER_PATH=/usr/lib/gcc/x86_64-linux-gnu/11/:/usr/lib/gcc/x86_64-linux-gnu/11/:/usr/lib/gcc/x86_64-linux-gnu/:/usr/lib/gcc/x86_64-linux-gnu/11/:/usr/lib/gcc/x86_64-linux-gnu/]
  ignore line: [LIBRARY_PATH=/home/joe/libs/TensorRT-10.3.0.26/lib/../lib/:/usr/lib/gcc/x86_64-linux-gnu/11/:/usr/lib/gcc/x86_64-linux-gnu/11/../../../x86_64-linux-gnu/:/usr/lib/gcc/x86_64-linux-gnu/11/../../../../lib/:/lib/x86_64-linux-gnu/:/lib/../lib/:/usr/lib/x86_64-linux-gnu/:/usr/lib/../lib/:./:/home/joe/libs/TensorRT-10.3.0.26/lib/:/usr/lib/gcc/x86_64-linux-gnu/11/../../../:/lib/:/usr/lib/]
  ignore line: [COLLECT_GCC_OPTIONS='-v' '-o' 'cmTC_8a314' '-shared-libgcc' '-mtune=generic' '-march=x86-64' '-dumpdir' 'cmTC_8a314.']
  link line: [ /usr/lib/gcc/x86_64-linux-gnu/11/collect2 -plugin /usr/lib/gcc/x86_64-linux-gnu/11/liblto_plugin.so -plugin-opt=/usr/lib/gcc/x86_64-linux-gnu/11/lto-wrapper -plugin-opt=-fresolution=/tmp/ccahDqMI.res -plugin-opt=-pass-through=-lgcc_s -plugin-opt=-pass-through=-lgcc -plugin-opt=-pass-through=-lc -plugin-opt=-pass-through=-lgcc_s -plugin-opt=-pass-through=-lgcc --build-id --eh-frame-hdr -m elf_x86_64 --hash-style=gnu --as-needed -dynamic-linker /lib64/ld-linux-x86-64.so.2 -pie -z now -z relro -o cmTC_8a314 /usr/lib/gcc/x86_64-linux-gnu/11/../../../x86_64-linux-gnu/Scrt1.o /usr/lib/gcc/x86_64-linux-gnu/11/../../../x86_64-linux-gnu/crti.o /usr/lib/gcc/x86_64-linux-gnu/11/crtbeginS.o -L/home/joe/libs/TensorRT-10.3.0.26/lib/../lib -L/usr/lib/gcc/x86_64-linux-gnu/11 -L/usr/lib/gcc/x86_64-linux-gnu/11/../../../x86_64-linux-gnu -L/usr/lib/gcc/x86_64-linux-gnu/11/../../../../lib -L/lib/x86_64-linux-gnu -L/lib/../lib -L/usr/lib/x86_64-linux-gnu -L/usr/lib/../lib -L. -L/home/joe/libs/TensorRT-10.3.0.26/lib -L/usr/lib/gcc/x86_64-linux-gnu/11/../../.. CMakeFiles/cmTC_8a314.dir/CMakeCXXCompilerABI.cpp.o -lstdc++ -lm -lgcc_s -lgcc -lc -lgcc_s -lgcc /usr/lib/gcc/x86_64-linux-gnu/11/crtendS.o /usr/lib/gcc/x86_64-linux-gnu/11/../../../x86_64-linux-gnu/crtn.o]
    arg [/usr/lib/gcc/x86_64-linux-gnu/11/collect2] ==> ignore
    arg [-plugin] ==> ignore
    arg [/usr/lib/gcc/x86_64-linux-gnu/11/liblto_plugin.so] ==> ignore
    arg [-plugin-opt=/usr/lib/gcc/x86_64-linux-gnu/11/lto-wrapper] ==> ignore
    arg [-plugin-opt=-fresolution=/tmp/ccahDqMI.res] ==> ignore
    arg [-plugin-opt=-pass-through=-lgcc_s] ==> ignore
    arg [-plugin-opt=-pass-through=-lgcc] ==> ignore
    arg [-plugin-opt=-pass-through=-lc] ==> ignore
    arg [-plugin-opt=-pass-through=-lgcc_s] ==> ignore
    arg [-plugin-opt=-pass-through=-lgcc] ==> ignore
    arg [--build-id] ==> ignore
    arg [--eh-frame-hdr] ==> ignore
    arg [-m] ==> ignore
    arg [elf_x86_64] ==> ignore
    arg [--hash-style=gnu] ==> ignore
    arg [--as-needed] ==> ignore
    arg [-dynamic-linker] ==> ignore
    arg [/lib64/ld-linux-x86-64.so.2] ==> ignore
    arg [-pie] ==> ignore
    arg [-znow] ==> ignore
    arg [-zrelro] ==> ignore
    arg [-o] ==> ignore
    arg [cmTC_8a314] ==> ignore
    arg [/usr/lib/gcc/x86_64-linux-gnu/11/../../../x86_64-linux-gnu/Scrt1.o] ==> obj [/usr/lib/gcc/x86_64-linux-gnu/11/../../../x86_64-linux-gnu/Scrt1.o]
    arg [/usr/lib/gcc/x86_64-linux-gnu/11/../../../x86_64-linux-gnu/crti.o] ==> obj [/usr/lib/gcc/x86_64-linux-gnu/11/../../../x86_64-linux-gnu/crti.o]
    arg [/usr/lib/gcc/x86_64-linux-gnu/11/crtbeginS.o] ==> obj [/usr/lib/gcc/x86_64-linux-gnu/11/crtbeginS.o]
    arg [-L/home/joe/libs/TensorRT-10.3.0.26/lib/../lib] ==> dir [/home/joe/libs/TensorRT-10.3.0.26/lib/../lib]
    arg [-L/usr/lib/gcc/x86_64-linux-gnu/11] ==> dir [/usr/lib/gcc/x86_64-linux-gnu/11]
    arg [-L/usr/lib/gcc/x86_64-linux-gnu/11/../../../x86_64-linux-gnu] ==> dir [/usr/lib/gcc/x86_64-linux-gnu/11/../../../x86_64-linux-gnu]
    arg [-L/usr/lib/gcc/x86_64-linux-gnu/11/../../../../lib] ==> dir [/usr/lib/gcc/x86_64-linux-gnu/11/../../../../lib]
    arg [-L/lib/x86_64-linux-gnu] ==> dir [/lib/x86_64-linux-gnu]
    arg [-L/lib/../lib] ==> dir [/lib/../lib]
    arg [-L/usr/lib/x86_64-linux-gnu] ==> dir [/usr/lib/x86_64-linux-gnu]
    arg [-L/usr/lib/../lib] ==> dir [/usr/lib/../lib]
    arg [-L.] ==> ignore
    arg [-L/home/joe/libs/TensorRT-10.3.0.26/lib] ==> dir [/home/joe/libs/TensorRT-10.3.0.26/lib]
    arg [-L/usr/lib/gcc/x86_64-linux-gnu/11/../../..] ==> dir [/usr/lib/gcc/x86_64-linux-gnu/11/../../..]
    arg [CMakeFiles/cmTC_8a314.dir/CMakeCXXCompilerABI.cpp.o] ==> ignore
    arg [-lstdc++] ==> lib [stdc++]
    arg [-lm] ==> lib [m]
    arg [-lgcc_s] ==> lib [gcc_s]
    arg [-lgcc] ==> lib [gcc]
    arg [-lc] ==> lib [c]
    arg [-lgcc_s] ==> lib [gcc_s]
    arg [-lgcc] ==> lib [gcc]
    arg [/usr/lib/gcc/x86_64-linux-gnu/11/crtendS.o] ==> obj [/usr/lib/gcc/x86_64-linux-gnu/11/crtendS.o]
    arg [/usr/lib/gcc/x86_64-linux-gnu/11/../../../x86_64-linux-gnu/crtn.o] ==> obj [/usr/lib/gcc/x86_64-linux-gnu/11/../../../x86_64-linux-gnu/crtn.o]
  collapse obj [/usr/lib/gcc/x86_64-linux-gnu/11/../../../x86_64-linux-gnu/Scrt1.o] ==> [/usr/lib/x86_64-linux-gnu/Scrt1.o]
  collapse obj [/usr/lib/gcc/x86_64-linux-gnu/11/../../../x86_64-linux-gnu/crti.o] ==> [/usr/lib/x86_64-linux-gnu/crti.o]
  collapse obj [/usr/lib/gcc/x86_64-linux-gnu/11/../../../x86_64-linux-gnu/crtn.o] ==> [/usr/lib/x86_64-linux-gnu/crtn.o]
  collapse library dir [/home/joe/libs/TensorRT-10.3.0.26/lib/../lib] ==> [/home/joe/libs/TensorRT-10.3.0.26/lib]
  collapse library dir [/usr/lib/gcc/x86_64-linux-gnu/11] ==> [/usr/lib/gcc/x86_64-linux-gnu/11]
  collapse library dir [/usr/lib/gcc/x86_64-linux-gnu/11/../../../x86_64-linux-gnu] ==> [/usr/lib/x86_64-linux-gnu]
  collapse library dir [/usr/lib/gcc/x86_64-linux-gnu/11/../../../../lib] ==> [/usr/lib]
  collapse library dir [/lib/x86_64-linux-gnu] ==> [/lib/x86_64-linux-gnu]
  collapse library dir [/lib/../lib] ==> [/lib]
  collapse library dir [/usr/lib/x86_64-linux-gnu] ==> [/usr/lib/x86_64-linux-gnu]
  collapse library dir [/usr/lib/../lib] ==> [/usr/lib]
  collapse library dir [/home/joe/libs/TensorRT-10.3.0.26/lib] ==> [/home/joe/libs/TensorRT-10.3.0.26/lib]
  collapse library dir [/usr/lib/gcc/x86_64-linux-gnu/11/../../..] ==> [/usr/lib]
  implicit libs: [stdc++;m;gcc_s;gcc;c;gcc_s;gcc]
  implicit objs: [/usr/lib/x86_64-linux-gnu/Scrt1.o;/usr/lib/x86_64-linux-gnu/crti.o;/usr/lib/gcc/x86_64-linux-gnu/11/crtbeginS.o;/usr/lib/gcc/x86_64-linux-gnu/11/crtendS.o;/usr/lib/x86_64-linux-gnu/crtn.o]
  implicit dirs: [/home/joe/libs/TensorRT-10.3.0.26/lib;/usr/lib/gcc/x86_64-linux-gnu/11;/usr/lib/x86_64-linux-gnu;/usr/lib;/lib/x86_64-linux-gnu;/lib]
  implicit fwks: []


Determining if the include file sys/types.h exists passed with the following output:
Change Dir: /home/joe/Desktop/Workspace/Math24/Math24/build/CMakeFiles/CMakeTmp

Run Build Command(s):/usr/bin/gmake -f Makefile cmTC_968d7/fast && /usr/bin/gmake  -f CMakeFiles/cmTC_968d7.dir/build.make CMakeFiles/cmTC_968d7.dir/build
gmake[1]: Entering directory '/home/joe/Desktop/Workspace/Math24/Math24/build/CMakeFiles/CMakeTmp'
Building C object CMakeFiles/cmTC_968d7.dir/CheckIncludeFile.c.o
/usr/bin/cc    -o CMakeFiles/cmTC_968d7.dir/CheckIncludeFile.c.o -c /home/joe/Desktop/Workspace/Math24/Math24/build/CMakeFiles/CMakeTmp/CheckIncludeFile.c
Linking C executable cmTC_968d7
/usr/bin/cmake -E cmake_link_script CMakeFiles/cmTC_968d7.dir/link.txt --verbose=1
/usr/bin/cc CMakeFiles/cmTC_968d7.dir/CheckIncludeFile.c.o -o cmTC_968d7 
gmake[1]: Leaving directory '/home/joe/Desktop/Workspace/Math24/Math24/build/CMakeFiles/CMakeTmp'



Determining if the include file stdint.h exists passed with the following output:
Change Dir: /home/joe/Desktop/Workspace/Math24/Math24/build/CMakeFiles/CMakeTmp

Run Build Command(s):/usr/bin/gmake -f Makefile cmTC_6bceb/fast && /usr/bin/gmake  -f CMakeFiles/cmTC_6bceb.dir/build.make CMakeFiles/cmTC_6bceb.dir/build
gmake[1]: Entering directory '/home/joe/Desktop/Workspace/Math24/Math24/build/CMakeFiles/CMakeTmp'
Building C object CMakeFiles/cmTC_6bceb.dir/CheckIncludeFile.c.o
/usr/bin/cc    -o CMakeFiles/cmTC_6bceb.dir/CheckIncludeFile.c.o -c /home/joe/Desktop/Workspace/Math24/Math24/build/CMakeFiles/CMakeTmp/CheckIncludeFile.c
Linking C executable cmTC_6bceb
/usr/bin/cmake -E cmake_link_script CMakeFiles/cmTC_6bceb.dir/link.txt --verbose=1
/usr/bin/cc CMakeFiles/cmTC_6bceb.dir/CheckIncludeFile.c.o -o cmTC_6bceb 
gmake[1]: Leaving directory '/home/joe/Desktop/Workspace/Math24/Math24/build/CMakeFiles/CMakeTmp'



Determining if the include file stddef.h exists passed with the following output:
Change Dir: /home/joe/Desktop/Workspace/Math24/Math24/build/CMakeFiles/CMakeTmp

Run Build Command(s):/usr/bin/gmake -f Makefile cmTC_22cfc/fast && /usr/bin/gmake  -f CMakeFiles/cmTC_22cfc.dir/build.make CMakeFiles/cmTC_22cfc.dir/build
gmake[1]: Entering directory '/home/joe/Desktop/Workspace/Math24/Math24/build/CMakeFiles/CMakeTmp'
Building C object CMakeFiles/cmTC_22cfc.dir/CheckIncludeFile.c.o
/usr/bin/cc    -o CMakeFiles/cmTC_22cfc.dir/CheckIncludeFile.c.o -c /home/joe/Desktop/Workspace/Math24/Math24/build/CMakeFiles/CMakeTmp/CheckIncludeFile.c
Linking C executable cmTC_22cfc
/usr/bin/cmake -E cmake_link_script CMakeFiles/cmTC_22cfc.dir/link.txt --verbose=1
/usr/bin/cc CMakeFiles/cmTC_22cfc.dir/CheckIncludeFile.c.o -o cmTC_22cfc 
gmake[1]: Leaving directory '/home/joe/Desktop/Workspace/Math24/Math24/build/CMakeFiles/CMakeTmp'



Determining size of short passed with the following output:
Change Dir: /home/joe/Desktop/Workspace/Math24/Math24/build/CMakeFiles/CMakeTmp

Run Build Command(s):/usr/bin/gmake -f Makefile cmTC_1dde5/fast && /usr/bin/gmake  -f CMakeFiles/cmTC_1dde5.dir/build.make CMakeFiles/cmTC_1dde5.dir/build
gmake[1]: Entering directory '/home/joe/Desktop/Workspace/Math24/Math24/build/CMakeFiles/CMakeTmp'
Building C object CMakeFiles/cmTC_1dde5.dir/SIZEOF_SHORT.c.o
/usr/bin/cc    -o CMakeFiles/cmTC_1dde5.dir/SIZEOF_SHORT.c.o -c /home/joe/Desktop/Workspace/Math24/Math24/build/CMakeFiles/CheckTypeSize/SIZEOF_SHORT.c
Linking C executable cmTC_1dde5
/usr/bin/cmake -E cmake_link_script CMakeFiles/cmTC_1dde5.dir/link.txt --verbose=1
/usr/bin/cc CMakeFiles/cmTC_1dde5.dir/SIZEOF_SHORT.c.o -o cmTC_1dde5 
gmake[1]: Leaving directory '/home/joe/Desktop/Workspace/Math24/Math24/build/CMakeFiles/CMakeTmp'



Determining size of int passed with the following output:
Change Dir: /home/joe/Desktop/Workspace/Math24/Math24/build/CMakeFiles/CMakeTmp

Run Build Command(s):/usr/bin/gmake -f Makefile cmTC_cba7f/fast && /usr/bin/gmake  -f CMakeFiles/cmTC_cba7f.dir/build.make CMakeFiles/cmTC_cba7f.dir/build
gmake[1]: Entering directory '/home/joe/Desktop/Workspace/Math24/Math24/build/CMakeFiles/CMakeTmp'
Building C object CMakeFiles/cmTC_cba7f.dir/SIZEOF_INT.c.o
/usr/bin/cc    -o CMakeFiles/cmTC_cba7f.dir/SIZEOF_INT.c.o -c /home/joe/Desktop/Workspace/Math24/Math24/build/CMakeFiles/CheckTypeSize/SIZEOF_INT.c
Linking C executable cmTC_cba7f
/usr/bin/cmake -E cmake_link_script CMakeFiles/cmTC_cba7f.dir/link.txt --verbose=1
/usr/bin/cc CMakeFiles/cmTC_cba7f.dir/SIZEOF_INT.c.o -o cmTC_cba7f 
gmake[1]: Leaving directory '/home/joe/Desktop/Workspace/Math24/Math24/build/CMakeFiles/CMakeTmp'



Determining size of long passed with the following output:
Change Dir: /home/joe/Desktop/Workspace/Math24/Math24/build/CMakeFiles/CMakeTmp

Run Build Command(s):/usr/bin/gmake -f Makefile cmTC_62172/fast && /usr/bin/gmake  -f CMakeFiles/cmTC_62172.dir/build.make CMakeFiles/cmTC_62172.dir/build
gmake[1]: Entering directory '/home/joe/Desktop/Workspace/Math24/Math24/build/CMakeFiles/CMakeTmp'
Building C object CMakeFiles/cmTC_62172.dir/SIZEOF_LONG.c.o
/usr/bin/cc    -o CMakeFiles/cmTC_62172.dir/SIZEOF_LONG.c.o -c /home/joe/Desktop/Workspace/Math24/Math24/build/CMakeFiles/CheckTypeSize/SIZEOF_LONG.c
Linking C executable cmTC_62172
/usr/bin/cmake -E cmake_link_script CMakeFiles/cmTC_62172.dir/link.txt --verbose=1
/usr/bin/cc CMakeFiles/cmTC_62172.dir/SIZEOF_LONG.c.o -o cmTC_62172 
gmake[1]: Leaving directory '/home/joe/Desktop/Workspace/Math24/Math24/build/CMakeFiles/CMakeTmp'



Determining size of long long passed with the following output:
Change Dir: /home/joe/Desktop/Workspace/Math24/Math24/build/CMakeFiles/CMakeTmp

Run Build Command(s):/usr/bin/gmake -f Makefile cmTC_03121/fast && /usr/bin/gmake  -f CMakeFiles/cmTC_03121.dir/build.make CMakeFiles/cmTC_03121.dir/build
gmake[1]: Entering directory '/home/joe/Desktop/Workspace/Math24/Math24/build/CMakeFiles/CMakeTmp'
Building C object CMakeFiles/cmTC_03121.dir/HAVE_LONG_LONG.c.o
/usr/bin/cc    -o CMakeFiles/cmTC_03121.dir/HAVE_LONG_LONG.c.o -c /home/joe/Desktop/Workspace/Math24/Math24/build/CMakeFiles/CheckTypeSize/HAVE_LONG_LONG.c
Linking C executable cmTC_03121
/usr/bin/cmake -E cmake_link_script CMakeFiles/cmTC_03121.dir/link.txt --verbose=1
/usr/bin/cc CMakeFiles/cmTC_03121.dir/HAVE_LONG_LONG.c.o -o cmTC_03121 
gmake[1]: Leaving directory '/home/joe/Desktop/Workspace/Math24/Math24/build/CMakeFiles/CMakeTmp'



Determining if files alsa/asoundlib.h exist passed with the following output:
Change Dir: /home/joe/Desktop/Workspace/Math24/Math24/build/CMakeFiles/CMakeTmp

Run Build Command(s):/usr/bin/gmake -f Makefile cmTC_454b7/fast && /usr/bin/gmake  -f CMakeFiles/cmTC_454b7.dir/build.make CMakeFiles/cmTC_454b7.dir/build
gmake[1]: Entering directory '/home/joe/Desktop/Workspace/Math24/Math24/build/CMakeFiles/CMakeTmp'
Building C object CMakeFiles/cmTC_454b7.dir/HAVE_ALSA_ASOUNDLIB_H.c.o
/usr/bin/cc    -o CMakeFiles/cmTC_454b7.dir/HAVE_ALSA_ASOUNDLIB_H.c.o -c /home/joe/Desktop/Workspace/Math24/Math24/build/CMakeFiles/CheckIncludeFiles/HAVE_ALSA_ASOUNDLIB_H.c
Linking C executable cmTC_454b7
/usr/bin/cmake -E cmake_link_script CMakeFiles/cmTC_454b7.dir/link.txt --verbose=1
/usr/bin/cc CMakeFiles/cmTC_454b7.dir/HAVE_ALSA_ASOUNDLIB_H.c.o -o cmTC_454b7 
gmake[1]: Leaving directory '/home/joe/Desktop/Workspace/Math24/Math24/build/CMakeFiles/CMakeTmp'



Determining if files dlfcn.h exist passed with the following output:
Change Dir: /home/joe/Desktop/Workspace/Math24/Math24/build/CMakeFiles/CMakeTmp

Run Build Command(s):/usr/bin/gmake -f Makefile cmTC_179bb/fast && /usr/bin/gmake  -f CMakeFiles/cmTC_179bb.dir/build.make CMakeFiles/cmTC_179bb.dir/build
gmake[1]: Entering directory '/home/joe/Desktop/Workspace/Math24/Math24/build/CMakeFiles/CMakeTmp'
Building C object CMakeFiles/cmTC_179bb.dir/HAVE_DLFCN_H.c.o
/usr/bin/cc    -o CMakeFiles/cmTC_179bb.dir/HAVE_DLFCN_H.c.o -c /home/joe/Desktop/Workspace/Math24/Math24/build/CMakeFiles/CheckIncludeFiles/HAVE_DLFCN_H.c
Linking C executable cmTC_179bb
/usr/bin/cmake -E cmake_link_script CMakeFiles/cmTC_179bb.dir/link.txt --verbose=1
/usr/bin/cc CMakeFiles/cmTC_179bb.dir/HAVE_DLFCN_H.c.o -o cmTC_179bb 
gmake[1]: Leaving directory '/home/joe/Desktop/Workspace/Math24/Math24/build/CMakeFiles/CMakeTmp'



Determining if files GL/glu.h exist passed with the following output:
Change Dir: /home/joe/Desktop/Workspace/Math24/Math24/build/CMakeFiles/CMakeTmp

Run Build Command(s):/usr/bin/gmake -f Makefile cmTC_2a268/fast && /usr/bin/gmake  -f CMakeFiles/cmTC_2a268.dir/build.make CMakeFiles/cmTC_2a268.dir/build
gmake[1]: Entering directory '/home/joe/Desktop/Workspace/Math24/Math24/build/CMakeFiles/CMakeTmp'
Building C object CMakeFiles/cmTC_2a268.dir/HAVE_GL_GLU_H.c.o
/usr/bin/cc    -o CMakeFiles/cmTC_2a268.dir/HAVE_GL_GLU_H.c.o -c /home/joe/Desktop/Workspace/Math24/Math24/build/CMakeFiles/CheckIncludeFiles/HAVE_GL_GLU_H.c
Linking C executable cmTC_2a268
/usr/bin/cmake -E cmake_link_script CMakeFiles/cmTC_2a268.dir/link.txt --verbose=1
/usr/bin/cc CMakeFiles/cmTC_2a268.dir/HAVE_GL_GLU_H.c.o -o cmTC_2a268 
gmake[1]: Leaving directory '/home/joe/Desktop/Workspace/Math24/Math24/build/CMakeFiles/CMakeTmp'



Determining if files locale.h exist passed with the following output:
Change Dir: /home/joe/Desktop/Workspace/Math24/Math24/build/CMakeFiles/CMakeTmp

Run Build Command(s):/usr/bin/gmake -f Makefile cmTC_eed5b/fast && /usr/bin/gmake  -f CMakeFiles/cmTC_eed5b.dir/build.make CMakeFiles/cmTC_eed5b.dir/build
gmake[1]: Entering directory '/home/joe/Desktop/Workspace/Math24/Math24/build/CMakeFiles/CMakeTmp'
Building C object CMakeFiles/cmTC_eed5b.dir/HAVE_LOCALE_H.c.o
/usr/bin/cc    -o CMakeFiles/cmTC_eed5b.dir/HAVE_LOCALE_H.c.o -c /home/joe/Desktop/Workspace/Math24/Math24/build/CMakeFiles/CheckIncludeFiles/HAVE_LOCALE_H.c
Linking C executable cmTC_eed5b
/usr/bin/cmake -E cmake_link_script CMakeFiles/cmTC_eed5b.dir/link.txt --verbose=1
/usr/bin/cc CMakeFiles/cmTC_eed5b.dir/HAVE_LOCALE_H.c.o -o cmTC_eed5b 
gmake[1]: Leaving directory '/home/joe/Desktop/Workspace/Math24/Math24/build/CMakeFiles/CMakeTmp'



Determining if files stdio.h exist passed with the following output:
Change Dir: /home/joe/Desktop/Workspace/Math24/Math24/build/CMakeFiles/CMakeTmp

Run Build Command(s):/usr/bin/gmake -f Makefile cmTC_d19ff/fast && /usr/bin/gmake  -f CMakeFiles/cmTC_d19ff.dir/build.make CMakeFiles/cmTC_d19ff.dir/build
gmake[1]: Entering directory '/home/joe/Desktop/Workspace/Math24/Math24/build/CMakeFiles/CMakeTmp'
Building C object CMakeFiles/cmTC_d19ff.dir/HAVE_STDIO_H.c.o
/usr/bin/cc    -o CMakeFiles/cmTC_d19ff.dir/HAVE_STDIO_H.c.o -c /home/joe/Desktop/Workspace/Math24/Math24/build/CMakeFiles/CheckIncludeFiles/HAVE_STDIO_H.c
Linking C executable cmTC_d19ff
/usr/bin/cmake -E cmake_link_script CMakeFiles/cmTC_d19ff.dir/link.txt --verbose=1
/usr/bin/cc CMakeFiles/cmTC_d19ff.dir/HAVE_STDIO_H.c.o -o cmTC_d19ff 
gmake[1]: Leaving directory '/home/joe/Desktop/Workspace/Math24/Math24/build/CMakeFiles/CMakeTmp'



Determining if files strings.h exist passed with the following output:
Change Dir: /home/joe/Desktop/Workspace/Math24/Math24/build/CMakeFiles/CMakeTmp

Run Build Command(s):/usr/bin/gmake -f Makefile cmTC_500f5/fast && /usr/bin/gmake  -f CMakeFiles/cmTC_500f5.dir/build.make CMakeFiles/cmTC_500f5.dir/build
gmake[1]: Entering directory '/home/joe/Desktop/Workspace/Math24/Math24/build/CMakeFiles/CMakeTmp'
Building C object CMakeFiles/cmTC_500f5.dir/HAVE_STRINGS_H.c.o
/usr/bin/cc    -o CMakeFiles/cmTC_500f5.dir/HAVE_STRINGS_H.c.o -c /home/joe/Desktop/Workspace/Math24/Math24/build/CMakeFiles/CheckIncludeFiles/HAVE_STRINGS_H.c
Linking C executable cmTC_500f5
/usr/bin/cmake -E cmake_link_script CMakeFiles/cmTC_500f5.dir/link.txt --verbose=1
/usr/bin/cc CMakeFiles/cmTC_500f5.dir/HAVE_STRINGS_H.c.o -o cmTC_500f5 
gmake[1]: Leaving directory '/home/joe/Desktop/Workspace/Math24/Math24/build/CMakeFiles/CMakeTmp'



Determining if files sys/select.h exist passed with the following output:
Change Dir: /home/joe/Desktop/Workspace/Math24/Math24/build/CMakeFiles/CMakeTmp

Run Build Command(s):/usr/bin/gmake -f Makefile cmTC_32675/fast && /usr/bin/gmake  -f CMakeFiles/cmTC_32675.dir/build.make CMakeFiles/cmTC_32675.dir/build
gmake[1]: Entering directory '/home/joe/Desktop/Workspace/Math24/Math24/build/CMakeFiles/CMakeTmp'
Building C object CMakeFiles/cmTC_32675.dir/HAVE_SYS_SELECT_H.c.o
/usr/bin/cc    -o CMakeFiles/cmTC_32675.dir/HAVE_SYS_SELECT_H.c.o -c /home/joe/Desktop/Workspace/Math24/Math24/build/CMakeFiles/CheckIncludeFiles/HAVE_SYS_SELECT_H.c
Linking C executable cmTC_32675
/usr/bin/cmake -E cmake_link_script CMakeFiles/cmTC_32675.dir/link.txt --verbose=1
/usr/bin/cc CMakeFiles/cmTC_32675.dir/HAVE_SYS_SELECT_H.c.o -o cmTC_32675 
gmake[1]: Leaving directory '/home/joe/Desktop/Workspace/Math24/Math24/build/CMakeFiles/CMakeTmp'



Determining if files X11/Xlib.h;X11/Xregion.h exist passed with the following output:
Change Dir: /home/joe/Desktop/Workspace/Math24/Math24/build/CMakeFiles/CMakeTmp

Run Build Command(s):/usr/bin/gmake -f Makefile cmTC_911d3/fast && /usr/bin/gmake  -f CMakeFiles/cmTC_911d3.dir/build.make CMakeFiles/cmTC_911d3.dir/build
gmake[1]: Entering directory '/home/joe/Desktop/Workspace/Math24/Math24/build/CMakeFiles/CMakeTmp'
Building C object CMakeFiles/cmTC_911d3.dir/HAVE_X11_XREGION_H.c.o
/usr/bin/cc    -o CMakeFiles/cmTC_911d3.dir/HAVE_X11_XREGION_H.c.o -c /home/joe/Desktop/Workspace/Math24/Math24/build/CMakeFiles/CheckIncludeFiles/HAVE_X11_XREGION_H.c
Linking C executable cmTC_911d3
/usr/bin/cmake -E cmake_link_script CMakeFiles/cmTC_911d3.dir/link.txt --verbose=1
/usr/bin/cc CMakeFiles/cmTC_911d3.dir/HAVE_X11_XREGION_H.c.o -o cmTC_911d3 
gmake[1]: Leaving directory '/home/joe/Desktop/Workspace/Math24/Math24/build/CMakeFiles/CMakeTmp'



Determining if files pthread.h exist passed with the following output:
Change Dir: /home/joe/Desktop/Workspace/Math24/Math24/build/CMakeFiles/CMakeTmp

Run Build Command(s):/usr/bin/gmake -f Makefile cmTC_68436/fast && /usr/bin/gmake  -f CMakeFiles/cmTC_68436.dir/build.make CMakeFiles/cmTC_68436.dir/build
gmake[1]: Entering directory '/home/joe/Desktop/Workspace/Math24/Math24/build/CMakeFiles/CMakeTmp'
Building C object CMakeFiles/cmTC_68436.dir/HAVE_PTHREAD_H.c.o
/usr/bin/cc    -o CMakeFiles/cmTC_68436.dir/HAVE_PTHREAD_H.c.o -c /home/joe/Desktop/Workspace/Math24/Math24/build/CMakeFiles/CheckIncludeFiles/HAVE_PTHREAD_H.c
Linking C executable cmTC_68436
/usr/bin/cmake -E cmake_link_script CMakeFiles/cmTC_68436.dir/link.txt --verbose=1
/usr/bin/cc CMakeFiles/cmTC_68436.dir/HAVE_PTHREAD_H.c.o -o cmTC_68436 
gmake[1]: Leaving directory '/home/joe/Desktop/Workspace/Math24/Math24/build/CMakeFiles/CMakeTmp'



Determining if files dirent.h exist passed with the following output:
Change Dir: /home/joe/Desktop/Workspace/Math24/Math24/build/CMakeFiles/CMakeTmp

Run Build Command(s):/usr/bin/gmake -f Makefile cmTC_5f6d1/fast && /usr/bin/gmake  -f CMakeFiles/cmTC_5f6d1.dir/build.make CMakeFiles/cmTC_5f6d1.dir/build
gmake[1]: Entering directory '/home/joe/Desktop/Workspace/Math24/Math24/build/CMakeFiles/CMakeTmp'
Building C object CMakeFiles/cmTC_5f6d1.dir/HAVE_DIRENT_H.c.o
/usr/bin/cc    -o CMakeFiles/cmTC_5f6d1.dir/HAVE_DIRENT_H.c.o -c /home/joe/Desktop/Workspace/Math24/Math24/build/CMakeFiles/CheckIncludeFiles/HAVE_DIRENT_H.c
Linking C executable cmTC_5f6d1
/usr/bin/cmake -E cmake_link_script CMakeFiles/cmTC_5f6d1.dir/link.txt --verbose=1
/usr/bin/cc CMakeFiles/cmTC_5f6d1.dir/HAVE_DIRENT_H.c.o -o cmTC_5f6d1 
gmake[1]: Leaving directory '/home/joe/Desktop/Workspace/Math24/Math24/build/CMakeFiles/CMakeTmp'



Determining if the dlsym exist passed with the following output:
Change Dir: /home/joe/Desktop/Workspace/Math24/Math24/build/CMakeFiles/CMakeTmp

Run Build Command(s):/usr/bin/gmake -f Makefile cmTC_32a54/fast && /usr/bin/gmake  -f CMakeFiles/cmTC_32a54.dir/build.make CMakeFiles/cmTC_32a54.dir/build
gmake[1]: Entering directory '/home/joe/Desktop/Workspace/Math24/Math24/build/CMakeFiles/CMakeTmp'
Building C object CMakeFiles/cmTC_32a54.dir/CheckSymbolExists.c.o
/usr/bin/cc    -o CMakeFiles/cmTC_32a54.dir/CheckSymbolExists.c.o -c /home/joe/Desktop/Workspace/Math24/Math24/build/CMakeFiles/CMakeTmp/CheckSymbolExists.c
Linking C executable cmTC_32a54
/usr/bin/cmake -E cmake_link_script CMakeFiles/cmTC_32a54.dir/link.txt --verbose=1
/usr/bin/cc CMakeFiles/cmTC_32a54.dir/CheckSymbolExists.c.o -o cmTC_32a54  -ldl 
gmake[1]: Leaving directory '/home/joe/Desktop/Workspace/Math24/Math24/build/CMakeFiles/CMakeTmp'


File /home/joe/Desktop/Workspace/Math24/Math24/build/CMakeFiles/CMakeTmp/CheckSymbolExists.c:
/* */
#include <dlfcn.h>

int main(int argc, char** argv)
{
  (void)argv;
#ifndef dlsym
  return ((int*)(&dlsym))[argc];
#else
  (void)argc;
  return 0;
#endif
}
Determining if the localeconv exist passed with the following output:
Change Dir: /home/joe/Desktop/Workspace/Math24/Math24/build/CMakeFiles/CMakeTmp

Run Build Command(s):/usr/bin/gmake -f Makefile cmTC_4f2a2/fast && /usr/bin/gmake  -f CMakeFiles/cmTC_4f2a2.dir/build.make CMakeFiles/cmTC_4f2a2.dir/build
gmake[1]: Entering directory '/home/joe/Desktop/Workspace/Math24/Math24/build/CMakeFiles/CMakeTmp'
Building C object CMakeFiles/cmTC_4f2a2.dir/CheckSymbolExists.c.o
/usr/bin/cc    -o CMakeFiles/cmTC_4f2a2.dir/CheckSymbolExists.c.o -c /home/joe/Desktop/Workspace/Math24/Math24/build/CMakeFiles/CMakeTmp/CheckSymbolExists.c
Linking C executable cmTC_4f2a2
/usr/bin/cmake -E cmake_link_script CMakeFiles/cmTC_4f2a2.dir/link.txt --verbose=1
/usr/bin/cc CMakeFiles/cmTC_4f2a2.dir/CheckSymbolExists.c.o -o cmTC_4f2a2 
gmake[1]: Leaving directory '/home/joe/Desktop/Workspace/Math24/Math24/build/CMakeFiles/CMakeTmp'


File /home/joe/Desktop/Workspace/Math24/Math24/build/CMakeFiles/CMakeTmp/CheckSymbolExists.c:
/* */
#include <locale.h>

int main(int argc, char** argv)
{
  (void)argv;
#ifndef localeconv
  return ((int*)(&localeconv))[argc];
#else
  (void)argc;
  return 0;
#endif
}
Determining if the png_get_valid exist passed with the following output:
Change Dir: /home/joe/Desktop/Workspace/Math24/Math24/build/CMakeFiles/CMakeTmp

Run Build Command(s):/usr/bin/gmake -f Makefile cmTC_cebf2/fast && /usr/bin/gmake  -f CMakeFiles/cmTC_cebf2.dir/build.make CMakeFiles/cmTC_cebf2.dir/build
gmake[1]: Entering directory '/home/joe/Desktop/Workspace/Math24/Math24/build/CMakeFiles/CMakeTmp'
Building C object CMakeFiles/cmTC_cebf2.dir/CheckSymbolExists.c.o
/usr/bin/cc    -o CMakeFiles/cmTC_cebf2.dir/CheckSymbolExists.c.o -c /home/joe/Desktop/Workspace/Math24/Math24/build/CMakeFiles/CMakeTmp/CheckSymbolExists.c
Linking C executable cmTC_cebf2
/usr/bin/cmake -E cmake_link_script CMakeFiles/cmTC_cebf2.dir/link.txt --verbose=1
/usr/bin/cc CMakeFiles/cmTC_cebf2.dir/CheckSymbolExists.c.o -o cmTC_cebf2  /usr/lib/x86_64-linux-gnu/libpng.so 
gmake[1]: Leaving directory '/home/joe/Desktop/Workspace/Math24/Math24/build/CMakeFiles/CMakeTmp'


File /home/joe/Desktop/Workspace/Math24/Math24/build/CMakeFiles/CMakeTmp/CheckSymbolExists.c:
/* */
#include <png.h>

int main(int argc, char** argv)
{
  (void)argv;
#ifndef png_get_valid
  return ((int*)(&png_get_valid))[argc];
#else
  (void)argc;
  return 0;
#endif
}
Determining if the png_set_tRNS_to_alpha exist passed with the following output:
Change Dir: /home/joe/Desktop/Workspace/Math24/Math24/build/CMakeFiles/CMakeTmp

Run Build Command(s):/usr/bin/gmake -f Makefile cmTC_b392f/fast && /usr/bin/gmake  -f CMakeFiles/cmTC_b392f.dir/build.make CMakeFiles/cmTC_b392f.dir/build
gmake[1]: Entering directory '/home/joe/Desktop/Workspace/Math24/Math24/build/CMakeFiles/CMakeTmp'
Building C object CMakeFiles/cmTC_b392f.dir/CheckSymbolExists.c.o
/usr/bin/cc    -o CMakeFiles/cmTC_b392f.dir/CheckSymbolExists.c.o -c /home/joe/Desktop/Workspace/Math24/Math24/build/CMakeFiles/CMakeTmp/CheckSymbolExists.c
Linking C executable cmTC_b392f
/usr/bin/cmake -E cmake_link_script CMakeFiles/cmTC_b392f.dir/link.txt --verbose=1
/usr/bin/cc CMakeFiles/cmTC_b392f.dir/CheckSymbolExists.c.o -o cmTC_b392f  /usr/lib/x86_64-linux-gnu/libpng.so 
gmake[1]: Leaving directory '/home/joe/Desktop/Workspace/Math24/Math24/build/CMakeFiles/CMakeTmp'


File /home/joe/Desktop/Workspace/Math24/Math24/build/CMakeFiles/CMakeTmp/CheckSymbolExists.c:
/* */
#include <png.h>

int main(int argc, char** argv)
{
  (void)argv;
#ifndef png_set_tRNS_to_alpha
  return ((int*)(&png_set_tRNS_to_alpha))[argc];
#else
  (void)argc;
  return 0;
#endif
}
Determining if the scandir exist passed with the following output:
Change Dir: /home/joe/Desktop/Workspace/Math24/Math24/build/CMakeFiles/CMakeTmp

Run Build Command(s):/usr/bin/gmake -f Makefile cmTC_e88be/fast && /usr/bin/gmake  -f CMakeFiles/cmTC_e88be.dir/build.make CMakeFiles/cmTC_e88be.dir/build
gmake[1]: Entering directory '/home/joe/Desktop/Workspace/Math24/Math24/build/CMakeFiles/CMakeTmp'
Building C object CMakeFiles/cmTC_e88be.dir/CheckSymbolExists.c.o
/usr/bin/cc    -o CMakeFiles/cmTC_e88be.dir/CheckSymbolExists.c.o -c /home/joe/Desktop/Workspace/Math24/Math24/build/CMakeFiles/CMakeTmp/CheckSymbolExists.c
Linking C executable cmTC_e88be
/usr/bin/cmake -E cmake_link_script CMakeFiles/cmTC_e88be.dir/link.txt --verbose=1
/usr/bin/cc CMakeFiles/cmTC_e88be.dir/CheckSymbolExists.c.o -o cmTC_e88be 
gmake[1]: Leaving directory '/home/joe/Desktop/Workspace/Math24/Math24/build/CMakeFiles/CMakeTmp'


File /home/joe/Desktop/Workspace/Math24/Math24/build/CMakeFiles/CMakeTmp/CheckSymbolExists.c:
/* */
#include <dirent.h>

int main(int argc, char** argv)
{
  (void)argv;
#ifndef scandir
  return ((int*)(&scandir))[argc];
#else
  (void)argc;
  return 0;
#endif
}
Determining if the snprintf exist passed with the following output:
Change Dir: /home/joe/Desktop/Workspace/Math24/Math24/build/CMakeFiles/CMakeTmp

Run Build Command(s):/usr/bin/gmake -f Makefile cmTC_b16e2/fast && /usr/bin/gmake  -f CMakeFiles/cmTC_b16e2.dir/build.make CMakeFiles/cmTC_b16e2.dir/build
gmake[1]: Entering directory '/home/joe/Desktop/Workspace/Math24/Math24/build/CMakeFiles/CMakeTmp'
Building C object CMakeFiles/cmTC_b16e2.dir/CheckSymbolExists.c.o
/usr/bin/cc    -o CMakeFiles/cmTC_b16e2.dir/CheckSymbolExists.c.o -c /home/joe/Desktop/Workspace/Math24/Math24/build/CMakeFiles/CMakeTmp/CheckSymbolExists.c
Linking C executable cmTC_b16e2
/usr/bin/cmake -E cmake_link_script CMakeFiles/cmTC_b16e2.dir/link.txt --verbose=1
/usr/bin/cc CMakeFiles/cmTC_b16e2.dir/CheckSymbolExists.c.o -o cmTC_b16e2 
gmake[1]: Leaving directory '/home/joe/Desktop/Workspace/Math24/Math24/build/CMakeFiles/CMakeTmp'


File /home/joe/Desktop/Workspace/Math24/Math24/build/CMakeFiles/CMakeTmp/CheckSymbolExists.c:
/* */
#include <stdio.h>

int main(int argc, char** argv)
{
  (void)argv;
#ifndef snprintf
  return ((int*)(&snprintf))[argc];
#else
  (void)argc;
  return 0;
#endif
}
Determining if the strcasecmp exist passed with the following output:
Change Dir: /home/joe/Desktop/Workspace/Math24/Math24/build/CMakeFiles/CMakeTmp

Run Build Command(s):/usr/bin/gmake -f Makefile cmTC_8fd20/fast && /usr/bin/gmake  -f CMakeFiles/cmTC_8fd20.dir/build.make CMakeFiles/cmTC_8fd20.dir/build
gmake[1]: Entering directory '/home/joe/Desktop/Workspace/Math24/Math24/build/CMakeFiles/CMakeTmp'
Building C object CMakeFiles/cmTC_8fd20.dir/CheckSymbolExists.c.o
/usr/bin/cc    -o CMakeFiles/cmTC_8fd20.dir/CheckSymbolExists.c.o -c /home/joe/Desktop/Workspace/Math24/Math24/build/CMakeFiles/CMakeTmp/CheckSymbolExists.c
Linking C executable cmTC_8fd20
/usr/bin/cmake -E cmake_link_script CMakeFiles/cmTC_8fd20.dir/link.txt --verbose=1
/usr/bin/cc CMakeFiles/cmTC_8fd20.dir/CheckSymbolExists.c.o -o cmTC_8fd20 
gmake[1]: Leaving directory '/home/joe/Desktop/Workspace/Math24/Math24/build/CMakeFiles/CMakeTmp'


File /home/joe/Desktop/Workspace/Math24/Math24/build/CMakeFiles/CMakeTmp/CheckSymbolExists.c:
/* */
#include <strings.h>

int main(int argc, char** argv)
{
  (void)argv;
#ifndef strcasecmp
  return ((int*)(&strcasecmp))[argc];
#else
  (void)argc;
  return 0;
#endif
}
Determining if the vsnprintf exist passed with the following output:
Change Dir: /home/joe/Desktop/Workspace/Math24/Math24/build/CMakeFiles/CMakeTmp

Run Build Command(s):/usr/bin/gmake -f Makefile cmTC_4cbf5/fast && /usr/bin/gmake  -f CMakeFiles/cmTC_4cbf5.dir/build.make CMakeFiles/cmTC_4cbf5.dir/build
gmake[1]: Entering directory '/home/joe/Desktop/Workspace/Math24/Math24/build/CMakeFiles/CMakeTmp'
Building C object CMakeFiles/cmTC_4cbf5.dir/CheckSymbolExists.c.o
/usr/bin/cc    -o CMakeFiles/cmTC_4cbf5.dir/CheckSymbolExists.c.o -c /home/joe/Desktop/Workspace/Math24/Math24/build/CMakeFiles/CMakeTmp/CheckSymbolExists.c
Linking C executable cmTC_4cbf5
/usr/bin/cmake -E cmake_link_script CMakeFiles/cmTC_4cbf5.dir/link.txt --verbose=1
/usr/bin/cc CMakeFiles/cmTC_4cbf5.dir/CheckSymbolExists.c.o -o cmTC_4cbf5 
gmake[1]: Leaving directory '/home/joe/Desktop/Workspace/Math24/Math24/build/CMakeFiles/CMakeTmp'


File /home/joe/Desktop/Workspace/Math24/Math24/build/CMakeFiles/CMakeTmp/CheckSymbolExists.c:
/* */
#include <stdio.h>

int main(int argc, char** argv)
{
  (void)argv;
#ifndef vsnprintf
  return ((int*)(&vsnprintf))[argc];
#else
  (void)argc;
  return 0;
#endif
}
Determining if the setenv exist passed with the following output:
Change Dir: /home/joe/Desktop/Workspace/Math24/Math24/build/CMakeFiles/CMakeTmp

Run Build Command(s):/usr/bin/gmake -f Makefile cmTC_b9431/fast && /usr/bin/gmake  -f CMakeFiles/cmTC_b9431.dir/build.make CMakeFiles/cmTC_b9431.dir/build
gmake[1]: Entering directory '/home/joe/Desktop/Workspace/Math24/Math24/build/CMakeFiles/CMakeTmp'
Building C object CMakeFiles/cmTC_b9431.dir/CheckSymbolExists.c.o
/usr/bin/cc    -o CMakeFiles/cmTC_b9431.dir/CheckSymbolExists.c.o -c /home/joe/Desktop/Workspace/Math24/Math24/build/CMakeFiles/CMakeTmp/CheckSymbolExists.c
Linking C executable cmTC_b9431
/usr/bin/cmake -E cmake_link_script CMakeFiles/cmTC_b9431.dir/link.txt --verbose=1
/usr/bin/cc CMakeFiles/cmTC_b9431.dir/CheckSymbolExists.c.o -o cmTC_b9431 
gmake[1]: Leaving directory '/home/joe/Desktop/Workspace/Math24/Math24/build/CMakeFiles/CMakeTmp'


File /home/joe/Desktop/Workspace/Math24/Math24/build/CMakeFiles/CMakeTmp/CheckSymbolExists.c:
/* */
#include <stdlib.h>

int main(int argc, char** argv)
{
  (void)argv;
#ifndef setenv
  return ((int*)(&setenv))[argc];
#else
  (void)argc;
  return 0;
#endif
}
Determining if the trunc exist passed with the following output:
Change Dir: /home/joe/Desktop/Workspace/Math24/Math24/build/CMakeFiles/CMakeTmp

Run Build Command(s):/usr/bin/gmake -f Makefile cmTC_e0802/fast && /usr/bin/gmake  -f CMakeFiles/cmTC_e0802.dir/build.make CMakeFiles/cmTC_e0802.dir/build
gmake[1]: Entering directory '/home/joe/Desktop/Workspace/Math24/Math24/build/CMakeFiles/CMakeTmp'
Building C object CMakeFiles/cmTC_e0802.dir/CheckSymbolExists.c.o
/usr/bin/cc    -o CMakeFiles/cmTC_e0802.dir/CheckSymbolExists.c.o -c /home/joe/Desktop/Workspace/Math24/Math24/build/CMakeFiles/CMakeTmp/CheckSymbolExists.c
Linking C executable cmTC_e0802
/usr/bin/cmake -E cmake_link_script CMakeFiles/cmTC_e0802.dir/link.txt --verbose=1
/usr/bin/cc CMakeFiles/cmTC_e0802.dir/CheckSymbolExists.c.o -o cmTC_e0802  -lm 
gmake[1]: Leaving directory '/home/joe/Desktop/Workspace/Math24/Math24/build/CMakeFiles/CMakeTmp'


File /home/joe/Desktop/Workspace/Math24/Math24/build/CMakeFiles/CMakeTmp/CheckSymbolExists.c:
/* */
#include <math.h>

int main(int argc, char** argv)
{
  (void)argv;
#ifndef trunc
  return ((int*)(&trunc))[argc];
#else
  (void)argc;
  return 0;
#endif
}
Determining if the include file png.h exists passed with the following output:
Change Dir: /home/joe/Desktop/Workspace/Math24/Math24/build/CMakeFiles/CMakeTmp

Run Build Command(s):/usr/bin/gmake -f Makefile cmTC_96674/fast && /usr/bin/gmake  -f CMakeFiles/cmTC_96674.dir/build.make CMakeFiles/cmTC_96674.dir/build
gmake[1]: Entering directory '/home/joe/Desktop/Workspace/Math24/Math24/build/CMakeFiles/CMakeTmp'
Building C object CMakeFiles/cmTC_96674.dir/CheckIncludeFile.c.o
/usr/bin/cc    -o CMakeFiles/cmTC_96674.dir/CheckIncludeFile.c.o -c /home/joe/Desktop/Workspace/Math24/Math24/build/CMakeFiles/CMakeTmp/CheckIncludeFile.c
Linking C executable cmTC_96674
/usr/bin/cmake -E cmake_link_script CMakeFiles/cmTC_96674.dir/link.txt --verbose=1
/usr/bin/cc CMakeFiles/cmTC_96674.dir/CheckIncludeFile.c.o -o cmTC_96674 
gmake[1]: Leaving directory '/home/joe/Desktop/Workspace/Math24/Math24/build/CMakeFiles/CMakeTmp'



Determining if the function XOpenDisplay exists in the /usr/lib/x86_64-linux-gnu/libX11.so;/usr/lib/x86_64-linux-gnu/libXext.so passed with the following output:
Change Dir: /home/joe/Desktop/Workspace/Math24/Math24/build/CMakeFiles/CMakeTmp

Run Build Command(s):/usr/bin/gmake -f Makefile cmTC_fb45d/fast && /usr/bin/gmake  -f CMakeFiles/cmTC_fb45d.dir/build.make CMakeFiles/cmTC_fb45d.dir/build
gmake[1]: Entering directory '/home/joe/Desktop/Workspace/Math24/Math24/build/CMakeFiles/CMakeTmp'
Building C object CMakeFiles/cmTC_fb45d.dir/CheckFunctionExists.c.o
/usr/bin/cc   -DCHECK_FUNCTION_EXISTS=XOpenDisplay -o CMakeFiles/cmTC_fb45d.dir/CheckFunctionExists.c.o -c /usr/share/cmake-3.22/Modules/CheckFunctionExists.c
Linking C executable cmTC_fb45d
/usr/bin/cmake -E cmake_link_script CMakeFiles/cmTC_fb45d.dir/link.txt --verbose=1
/usr/bin/cc  -DCHECK_FUNCTION_EXISTS=XOpenDisplay CMakeFiles/cmTC_fb45d.dir/CheckFunctionExists.c.o -o cmTC_fb45d  /usr/lib/x86_64-linux-gnu/libX11.so /usr/lib/x86_64-linux-gnu/libXext.so 
gmake[1]: Leaving directory '/home/joe/Desktop/Workspace/Math24/Math24/build/CMakeFiles/CMakeTmp'



Determining if the function gethostbyname exists passed with the following output:
Change Dir: /home/joe/Desktop/Workspace/Math24/Math24/build/CMakeFiles/CMakeTmp

Run Build Command(s):/usr/bin/gmake -f Makefile cmTC_78eda/fast && /usr/bin/gmake  -f CMakeFiles/cmTC_78eda.dir/build.make CMakeFiles/cmTC_78eda.dir/build
gmake[1]: Entering directory '/home/joe/Desktop/Workspace/Math24/Math24/build/CMakeFiles/CMakeTmp'
Building C object CMakeFiles/cmTC_78eda.dir/CheckFunctionExists.c.o
/usr/bin/cc   -DCHECK_FUNCTION_EXISTS=gethostbyname -o CMakeFiles/cmTC_78eda.dir/CheckFunctionExists.c.o -c /usr/share/cmake-3.22/Modules/CheckFunctionExists.c
Linking C executable cmTC_78eda
/usr/bin/cmake -E cmake_link_script CMakeFiles/cmTC_78eda.dir/link.txt --verbose=1
/usr/bin/cc  -DCHECK_FUNCTION_EXISTS=gethostbyname CMakeFiles/cmTC_78eda.dir/CheckFunctionExists.c.o -o cmTC_78eda 
gmake[1]: Leaving directory '/home/joe/Desktop/Workspace/Math24/Math24/build/CMakeFiles/CMakeTmp'



Determining if the function connect exists passed with the following output:
Change Dir: /home/joe/Desktop/Workspace/Math24/Math24/build/CMakeFiles/CMakeTmp

Run Build Command(s):/usr/bin/gmake -f Makefile cmTC_4dbbd/fast && /usr/bin/gmake  -f CMakeFiles/cmTC_4dbbd.dir/build.make CMakeFiles/cmTC_4dbbd.dir/build
gmake[1]: Entering directory '/home/joe/Desktop/Workspace/Math24/Math24/build/CMakeFiles/CMakeTmp'
Building C object CMakeFiles/cmTC_4dbbd.dir/CheckFunctionExists.c.o
/usr/bin/cc   -DCHECK_FUNCTION_EXISTS=connect -o CMakeFiles/cmTC_4dbbd.dir/CheckFunctionExists.c.o -c /usr/share/cmake-3.22/Modules/CheckFunctionExists.c
Linking C executable cmTC_4dbbd
/usr/bin/cmake -E cmake_link_script CMakeFiles/cmTC_4dbbd.dir/link.txt --verbose=1
/usr/bin/cc  -DCHECK_FUNCTION_EXISTS=connect CMakeFiles/cmTC_4dbbd.dir/CheckFunctionExists.c.o -o cmTC_4dbbd 
gmake[1]: Leaving directory '/home/joe/Desktop/Workspace/Math24/Math24/build/CMakeFiles/CMakeTmp'



Determining if the function remove exists passed with the following output:
Change Dir: /home/joe/Desktop/Workspace/Math24/Math24/build/CMakeFiles/CMakeTmp

Run Build Command(s):/usr/bin/gmake -f Makefile cmTC_1dabf/fast && /usr/bin/gmake  -f CMakeFiles/cmTC_1dabf.dir/build.make CMakeFiles/cmTC_1dabf.dir/build
gmake[1]: Entering directory '/home/joe/Desktop/Workspace/Math24/Math24/build/CMakeFiles/CMakeTmp'
Building C object CMakeFiles/cmTC_1dabf.dir/CheckFunctionExists.c.o
/usr/bin/cc   -DCHECK_FUNCTION_EXISTS=remove -o CMakeFiles/cmTC_1dabf.dir/CheckFunctionExists.c.o -c /usr/share/cmake-3.22/Modules/CheckFunctionExists.c
Linking C executable cmTC_1dabf
/usr/bin/cmake -E cmake_link_script CMakeFiles/cmTC_1dabf.dir/link.txt --verbose=1
/usr/bin/cc  -DCHECK_FUNCTION_EXISTS=remove CMakeFiles/cmTC_1dabf.dir/CheckFunctionExists.c.o -o cmTC_1dabf 
gmake[1]: Leaving directory '/home/joe/Desktop/Workspace/Math24/Math24/build/CMakeFiles/CMakeTmp'



Determining if the function shmat exists passed with the following output:
Change Dir: /home/joe/Desktop/Workspace/Math24/Math24/build/CMakeFiles/CMakeTmp

Run Build Command(s):/usr/bin/gmake -f Makefile cmTC_0a8f0/fast && /usr/bin/gmake  -f CMakeFiles/cmTC_0a8f0.dir/build.make CMakeFiles/cmTC_0a8f0.dir/build
gmake[1]: Entering directory '/home/joe/Desktop/Workspace/Math24/Math24/build/CMakeFiles/CMakeTmp'
Building C object CMakeFiles/cmTC_0a8f0.dir/CheckFunctionExists.c.o
/usr/bin/cc   -DCHECK_FUNCTION_EXISTS=shmat -o CMakeFiles/cmTC_0a8f0.dir/CheckFunctionExists.c.o -c /usr/share/cmake-3.22/Modules/CheckFunctionExists.c
Linking C executable cmTC_0a8f0
/usr/bin/cmake -E cmake_link_script CMakeFiles/cmTC_0a8f0.dir/link.txt --verbose=1
/usr/bin/cc  -DCHECK_FUNCTION_EXISTS=shmat CMakeFiles/cmTC_0a8f0.dir/CheckFunctionExists.c.o -o cmTC_0a8f0 
gmake[1]: Leaving directory '/home/joe/Desktop/Workspace/Math24/Math24/build/CMakeFiles/CMakeTmp'



Determining if the function IceConnectionNumber exists in the ICE passed with the following output:
Change Dir: /home/joe/Desktop/Workspace/Math24/Math24/build/CMakeFiles/CMakeTmp

Run Build Command(s):/usr/bin/gmake -f Makefile cmTC_168ce/fast && /usr/bin/gmake  -f CMakeFiles/cmTC_168ce.dir/build.make CMakeFiles/cmTC_168ce.dir/build
gmake[1]: Entering directory '/home/joe/Desktop/Workspace/Math24/Math24/build/CMakeFiles/CMakeTmp'
Building C object CMakeFiles/cmTC_168ce.dir/CheckFunctionExists.c.o
/usr/bin/cc   -DCHECK_FUNCTION_EXISTS=IceConnectionNumber -o CMakeFiles/cmTC_168ce.dir/CheckFunctionExists.c.o -c /usr/share/cmake-3.22/Modules/CheckFunctionExists.c
Linking C executable cmTC_168ce
/usr/bin/cmake -E cmake_link_script CMakeFiles/cmTC_168ce.dir/link.txt --verbose=1
/usr/bin/cc  -DCHECK_FUNCTION_EXISTS=IceConnectionNumber CMakeFiles/cmTC_168ce.dir/CheckFunctionExists.c.o -o cmTC_168ce  -lICE 
gmake[1]: Leaving directory '/home/joe/Desktop/Workspace/Math24/Math24/build/CMakeFiles/CMakeTmp'



Determining if the glXGetProcAddressARB exist passed with the following output:
Change Dir: /home/joe/Desktop/Workspace/Math24/Math24/build/CMakeFiles/CMakeTmp

Run Build Command(s):/usr/bin/gmake -f Makefile cmTC_c70bb/fast && /usr/bin/gmake  -f CMakeFiles/cmTC_c70bb.dir/build.make CMakeFiles/cmTC_c70bb.dir/build
gmake[1]: Entering directory '/home/joe/Desktop/Workspace/Math24/Math24/build/CMakeFiles/CMakeTmp'
Building C object CMakeFiles/cmTC_c70bb.dir/CheckSymbolExists.c.o
/usr/bin/cc  -I/usr/include/GL  -o CMakeFiles/cmTC_c70bb.dir/CheckSymbolExists.c.o -c /home/joe/Desktop/Workspace/Math24/Math24/build/CMakeFiles/CMakeTmp/CheckSymbolExists.c
Linking C executable cmTC_c70bb
/usr/bin/cmake -E cmake_link_script CMakeFiles/cmTC_c70bb.dir/link.txt --verbose=1
/usr/bin/cc CMakeFiles/cmTC_c70bb.dir/CheckSymbolExists.c.o -o cmTC_c70bb  -L/usr/lib/x86_64-linux-gnu -L/usr/lib/x86_64-linux-gnu -lX11 -lGLU -lGL 
gmake[1]: Leaving directory '/home/joe/Desktop/Workspace/Math24/Math24/build/CMakeFiles/CMakeTmp'


File /home/joe/Desktop/Workspace/Math24/Math24/build/CMakeFiles/CMakeTmp/CheckSymbolExists.c:
/* */
#include <glx.h>

int main(int argc, char** argv)
{
  (void)argv;
#ifndef glXGetProcAddressARB
  return ((int*)(&glXGetProcAddressARB))[argc];
#else
  (void)argc;
  return 0;
#endif
}
Determining if the include file pthread.h exists passed with the following output:
Change Dir: /home/joe/Desktop/Workspace/Math24/Math24/build/CMakeFiles/CMakeTmp

Run Build Command(s):/usr/bin/gmake -f Makefile cmTC_35463/fast && /usr/bin/gmake  -f CMakeFiles/cmTC_35463.dir/build.make CMakeFiles/cmTC_35463.dir/build
gmake[1]: Entering directory '/home/joe/Desktop/Workspace/Math24/Math24/build/CMakeFiles/CMakeTmp'
Building C object CMakeFiles/cmTC_35463.dir/CheckIncludeFile.c.o
/usr/bin/cc  -I/usr/include/GL  -o CMakeFiles/cmTC_35463.dir/CheckIncludeFile.c.o -c /home/joe/Desktop/Workspace/Math24/Math24/build/CMakeFiles/CMakeTmp/CheckIncludeFile.c
Linking C executable cmTC_35463
/usr/bin/cmake -E cmake_link_script CMakeFiles/cmTC_35463.dir/link.txt --verbose=1
/usr/bin/cc CMakeFiles/cmTC_35463.dir/CheckIncludeFile.c.o -o cmTC_35463 
gmake[1]: Leaving directory '/home/joe/Desktop/Workspace/Math24/Math24/build/CMakeFiles/CMakeTmp'



Performing C SOURCE FILE Test CMAKE_HAVE_LIBC_PTHREAD succeeded with the following output:
Change Dir: /home/joe/Desktop/Workspace/Math24/Math24/build/CMakeFiles/CMakeTmp

Run Build Command(s):/usr/bin/gmake -f Makefile cmTC_f47f0/fast && /usr/bin/gmake  -f CMakeFiles/cmTC_f47f0.dir/build.make CMakeFiles/cmTC_f47f0.dir/build
gmake[1]: Entering directory '/home/joe/Desktop/Workspace/Math24/Math24/build/CMakeFiles/CMakeTmp'
Building C object CMakeFiles/cmTC_f47f0.dir/src.c.o
/usr/bin/cc -DCMAKE_HAVE_LIBC_PTHREAD -I/usr/include/GL  -o CMakeFiles/cmTC_f47f0.dir/src.c.o -c /home/joe/Desktop/Workspace/Math24/Math24/build/CMakeFiles/CMakeTmp/src.c
Linking C executable cmTC_f47f0
/usr/bin/cmake -E cmake_link_script CMakeFiles/cmTC_f47f0.dir/link.txt --verbose=1
/usr/bin/cc CMakeFiles/cmTC_f47f0.dir/src.c.o -o cmTC_f47f0 
gmake[1]: Leaving directory '/home/joe/Desktop/Workspace/Math24/Math24/build/CMakeFiles/CMakeTmp'


Source file was:
#include <pthread.h>

static void* test_func(void* data)
{
  return data;
}

int main(void)
{
  pthread_t thread;
  pthread_create(&thread, NULL, test_func, NULL);
  pthread_detach(thread);
  pthread_cancel(thread);
  pthread_join(thread, NULL);
  pthread_atfork(NULL, NULL, NULL);
  pthread_exit(NULL);

  return 0;
}

The system is: Linux - 6.8.0-49-generic - x86_64
Compiling the C compiler identification source file "CMakeCCompilerId.c" succeeded.
Compiler: /usr/bin/cc 
Build flags: 
Id flags:  

The output was:
0


Compilation of the C compiler identification source "CMakeCCompilerId.c" produced "a.out"

The C compiler identification is GNU, found in "/home/joe/Desktop/Workspace/Math24/build/CMakeFiles/3.22.1/CompilerIdC/a.out"

Compiling the CXX compiler identification source file "CMakeCXXCompilerId.cpp" succeeded.
Compiler: /usr/bin/c++ 
Build flags: 
Id flags:  

The output was:
0


Compilation of the CXX compiler identification source "CMakeCXXCompilerId.cpp" produced "a.out"

The CXX compiler identification is GNU, found in "/home/joe/Desktop/Workspace/Math24/build/CMakeFiles/3.22.1/CompilerIdCXX/a.out"

Detecting C compiler ABI info compiled with the following output:
Change Dir: /home/joe/Desktop/Workspace/Math24/build/CMakeFiles/CMakeTmp

Run Build Command(s):/usr/bin/gmake -f Makefile cmTC_b5ca2/fast && /usr/bin/gmake  -f CMakeFiles/cmTC_b5ca2.dir/build.make CMakeFiles/cmTC_b5ca2.dir/build
gmake[1]: Entering directory '/home/joe/Desktop/Workspace/Math24/build/CMakeFiles/CMakeTmp'
Building C object CMakeFiles/cmTC_b5ca2.dir/CMakeCCompilerABI.c.o
/usr/bin/cc   -v -o CMakeFiles/cmTC_b5ca2.dir/CMakeCCompilerABI.c.o -c /usr/share/cmake-3.22/Modules/CMakeCCompilerABI.c
Using built-in specs.
COLLECT_GCC=/usr/bin/cc
OFFLOAD_TARGET_NAMES=nvptx-none:amdgcn-amdhsa
OFFLOAD_TARGET_DEFAULT=1
Target: x86_64-linux-gnu
Configured with: ../src/configure -v --with-pkgversion='Ubuntu 11.4.0-1ubuntu1~22.04' --with-bugurl=file:///usr/share/doc/gcc-11/README.Bugs --enable-languages=c,ada,c++,go,brig,d,fortran,objc,obj-c++,m2 --prefix=/usr --with-gcc-major-version-only --program-suffix=-11 --program-prefix=x86_64-linux-gnu- --enable-shared --enable-linker-build-id --libexecdir=/usr/lib --without-included-gettext --enable-threads=posix --libdir=/usr/lib --enable-nls --enable-bootstrap --enable-clocale=gnu --enable-libstdcxx-debug --enable-libstdcxx-time=yes --with-default-libstdcxx-abi=new --enable-gnu-unique-object --disable-vtable-verify --enable-plugin --enable-default-pie --with-system-zlib --enable-libphobos-checking=release --with-target-system-zlib=auto --enable-objc-gc=auto --enable-multiarch --disable-werror --enable-cet --with-arch-32=i686 --with-abi=m64 --with-multilib-list=m32,m64,mx32 --enable-multilib --with-tune=generic --enable-offload-targets=nvptx-none=/build/gcc-11-XeT9lY/gcc-11-11.4.0/debian/tmp-nvptx/usr,amdgcn-amdhsa=/build/gcc-11-XeT9lY/gcc-11-11.4.0/debian/tmp-gcn/usr --without-cuda-driver --enable-checking=release --build=x86_64-linux-gnu --host=x86_64-linux-gnu --target=x86_64-linux-gnu --with-build-config=bootstrap-lto-lean --enable-link-serialization=2
Thread model: posix
Supported LTO compression algorithms: zlib zstd
gcc version 11.4.0 (Ubuntu 11.4.0-1ubuntu1~22.04) 
COLLECT_GCC_OPTIONS='-v' '-o' 'CMakeFiles/cmTC_b5ca2.dir/CMakeCCompilerABI.c.o' '-c' '-mtune=generic' '-march=x86-64' '-dumpdir' 'CMakeFiles/cmTC_b5ca2.dir/'
 /usr/lib/gcc/x86_64-linux-gnu/11/cc1 -quiet -v -imultiarch x86_64-linux-gnu /usr/share/cmake-3.22/Modules/CMakeCCompilerABI.c -quiet -dumpdir CMakeFiles/cmTC_b5ca2.dir/ -dumpbase CMakeCCompilerABI.c.c -dumpbase-ext .c -mtune=generic -march=x86-64 -version -fasynchronous-unwind-tables -fstack-protector-strong -Wformat -Wformat-security -fstack-clash-protection -fcf-protection -o /tmp/cc7SBhHy.s
GNU C17 (Ubuntu 11.4.0-1ubuntu1~22.04) version 11.4.0 (x86_64-linux-gnu)
	compiled by GNU C version 11.4.0, GMP version 6.2.1, MPFR version 4.1.0, MPC version 1.2.1, isl version isl-0.24-GMP

GGC heuristics: --param ggc-min-expand=100 --param ggc-min-heapsize=131072
ignoring nonexistent directory "/usr/local/include/x86_64-linux-gnu"
ignoring nonexistent directory "/usr/lib/gcc/x86_64-linux-gnu/11/include-fixed"
ignoring nonexistent directory "/usr/lib/gcc/x86_64-linux-gnu/11/../../../../x86_64-linux-gnu/include"
#include "..." search starts here:
#include <...> search starts here:
 /usr/lib/gcc/x86_64-linux-gnu/11/include
 /usr/local/include
 /usr/include/x86_64-linux-gnu
 /usr/include
End of search list.
GNU C17 (Ubuntu 11.4.0-1ubuntu1~22.04) version 11.4.0 (x86_64-linux-gnu)
	compiled by GNU C version 11.4.0, GMP version 6.2.1, MPFR version 4.1.0, MPC version 1.2.1, isl version isl-0.24-GMP

GGC heuristics: --param ggc-min-expand=100 --param ggc-min-heapsize=131072
Compiler executable checksum: 50eaa2331df977b8016186198deb2d18
COLLECT_GCC_OPTIONS='-v' '-o' 'CMakeFiles/cmTC_b5ca2.dir/CMakeCCompilerABI.c.o' '-c' '-mtune=generic' '-march=x86-64' '-dumpdir' 'CMakeFiles/cmTC_b5ca2.dir/'
 as -v --64 -o CMakeFiles/cmTC_b5ca2.dir/CMakeCCompilerABI.c.o /tmp/cc7SBhHy.s
GNU assembler version 2.38 (x86_64-linux-gnu) using BFD version (GNU Binutils for Ubuntu) 2.38
COMPILER_PATH=/usr/lib/gcc/x86_64-linux-gnu/11/:/usr/lib/gcc/x86_64-linux-gnu/11/:/usr/lib/gcc/x86_64-linux-gnu/:/usr/lib/gcc/x86_64-linux-gnu/11/:/usr/lib/gcc/x86_64-linux-gnu/
LIBRARY_PATH=/home/joe/libs/TensorRT-10.3.0.26/lib/../lib/:/usr/lib/gcc/x86_64-linux-gnu/11/:/usr/lib/gcc/x86_64-linux-gnu/11/../../../x86_64-linux-gnu/:/usr/lib/gcc/x86_64-linux-gnu/11/../../../../lib/:/lib/x86_64-linux-gnu/:/lib/../lib/:/usr/lib/x86_64-linux-gnu/:/usr/lib/../lib/:./:/home/joe/libs/TensorRT-10.3.0.26/lib/:/usr/lib/gcc/x86_64-linux-gnu/11/../../../:/lib/:/usr/lib/
COLLECT_GCC_OPTIONS='-v' '-o' 'CMakeFiles/cmTC_b5ca2.dir/CMakeCCompilerABI.c.o' '-c' '-mtune=generic' '-march=x86-64' '-dumpdir' 'CMakeFiles/cmTC_b5ca2.dir/CMakeCCompilerABI.c.'
Linking C executable cmTC_b5ca2
/usr/bin/cmake -E cmake_link_script CMakeFiles/cmTC_b5ca2.dir/link.txt --verbose=1
/usr/bin/cc  -v CMakeFiles/cmTC_b5ca2.dir/CMakeCCompilerABI.c.o -o cmTC_b5ca2 
Using built-in specs.
COLLECT_GCC=/usr/bin/cc
COLLECT_LTO_WRAPPER=/usr/lib/gcc/x86_64-linux-gnu/11/lto-wrapper
OFFLOAD_TARGET_NAMES=nvptx-none:amdgcn-amdhsa
OFFLOAD_TARGET_DEFAULT=1
Target: x86_64-linux-gnu
Configured with: ../src/configure -v --with-pkgversion='Ubuntu 11.4.0-1ubuntu1~22.04' --with-bugurl=file:///usr/share/doc/gcc-11/README.Bugs --enable-languages=c,ada,c++,go,brig,d,fortran,objc,obj-c++,m2 --prefix=/usr --with-gcc-major-version-only --program-suffix=-11 --program-prefix=x86_64-linux-gnu- --enable-shared --enable-linker-build-id --libexecdir=/usr/lib --without-included-gettext --enable-threads=posix --libdir=/usr/lib --enable-nls --enable-bootstrap --enable-clocale=gnu --enable-libstdcxx-debug --enable-libstdcxx-time=yes --with-default-libstdcxx-abi=new --enable-gnu-unique-object --disable-vtable-verify --enable-plugin --enable-default-pie --with-system-zlib --enable-libphobos-checking=release --with-target-system-zlib=auto --enable-objc-gc=auto --enable-multiarch --disable-werror --enable-cet --with-arch-32=i686 --with-abi=m64 --with-multilib-list=m32,m64,mx32 --enable-multilib --with-tune=generic --enable-offload-targets=nvptx-none=/build/gcc-11-XeT9lY/gcc-11-11.4.0/debian/tmp-nvptx/usr,amdgcn-amdhsa=/build/gcc-11-XeT9lY/gcc-11-11.4.0/debian/tmp-gcn/usr --without-cuda-driver --enable-checking=release --build=x86_64-linux-gnu --host=x86_64-linux-gnu --target=x86_64-linux-gnu --with-build-config=bootstrap-lto-lean --enable-link-serialization=2
Thread model: posix
Supported LTO compression algorithms: zlib zstd
gcc version 11.4.0 (Ubuntu 11.4.0-1ubuntu1~22.04) 
COMPILER_PATH=/usr/lib/gcc/x86_64-linux-gnu/11/:/usr/lib/gcc/x86_64-linux-gnu/11/:/usr/lib/gcc/x86_64-linux-gnu/:/usr/lib/gcc/x86_64-linux-gnu/11/:/usr/lib/gcc/x86_64-linux-gnu/
LIBRARY_PATH=/home/joe/libs/TensorRT-10.3.0.26/lib/../lib/:/usr/lib/gcc/x86_64-linux-gnu/11/:/usr/lib/gcc/x86_64-linux-gnu/11/../../../x86_64-linux-gnu/:/usr/lib/gcc/x86_64-linux-gnu/11/../../../../lib/:/lib/x86_64-linux-gnu/:/lib/../lib/:/usr/lib/x86_64-linux-gnu/:/usr/lib/../lib/:./:/home/joe/libs/TensorRT-10.3.0.26/lib/:/usr/lib/gcc/x86_64-linux-gnu/11/../../../:/lib/:/usr/lib/
COLLECT_GCC_OPTIONS='-v' '-o' 'cmTC_b5ca2' '-mtune=generic' '-march=x86-64' '-dumpdir' 'cmTC_b5ca2.'
 /usr/lib/gcc/x86_64-linux-gnu/11/collect2 -plugin /usr/lib/gcc/x86_64-linux-gnu/11/liblto_plugin.so -plugin-opt=/usr/lib/gcc/x86_64-linux-gnu/11/lto-wrapper -plugin-opt=-fresolution=/tmp/ccm5utKQ.res -plugin-opt=-pass-through=-lgcc -plugin-opt=-pass-through=-lgcc_s -plugin-opt=-pass-through=-lc -plugin-opt=-pass-through=-lgcc -plugin-opt=-pass-through=-lgcc_s --build-id --eh-frame-hdr -m elf_x86_64 --hash-style=gnu --as-needed -dynamic-linker /lib64/ld-linux-x86-64.so.2 -pie -z now -z relro -o cmTC_b5ca2 /usr/lib/gcc/x86_64-linux-gnu/11/../../../x86_64-linux-gnu/Scrt1.o /usr/lib/gcc/x86_64-linux-gnu/11/../../../x86_64-linux-gnu/crti.o /usr/lib/gcc/x86_64-linux-gnu/11/crtbeginS.o -L/home/joe/libs/TensorRT-10.3.0.26/lib/../lib -L/usr/lib/gcc/x86_64-linux-gnu/11 -L/usr/lib/gcc/x86_64-linux-gnu/11/../../../x86_64-linux-gnu -L/usr/lib/gcc/x86_64-linux-gnu/11/../../../../lib -L/lib/x86_64-linux-gnu -L/lib/../lib -L/usr/lib/x86_64-linux-gnu -L/usr/lib/../lib -L. -L/home/joe/libs/TensorRT-10.3.0.26/lib -L/usr/lib/gcc/x86_64-linux-gnu/11/../../.. CMakeFiles/cmTC_b5ca2.dir/CMakeCCompilerABI.c.o -lgcc --push-state --as-needed -lgcc_s --pop-state -lc -lgcc --push-state --as-needed -lgcc_s --pop-state /usr/lib/gcc/x86_64-linux-gnu/11/crtendS.o /usr/lib/gcc/x86_64-linux-gnu/11/../../../x86_64-linux-gnu/crtn.o
COLLECT_GCC_OPTIONS='-v' '-o' 'cmTC_b5ca2' '-mtune=generic' '-march=x86-64' '-dumpdir' 'cmTC_b5ca2.'
gmake[1]: Leaving directory '/home/joe/Desktop/Workspace/Math24/build/CMakeFiles/CMakeTmp'



Parsed C implicit include dir info from above output: rv=done
  found start of include info
  found start of implicit include info
    add: [/usr/lib/gcc/x86_64-linux-gnu/11/include]
    add: [/usr/local/include]
    add: [/usr/include/x86_64-linux-gnu]
    add: [/usr/include]
  end of search list found
  collapse include dir [/usr/lib/gcc/x86_64-linux-gnu/11/include] ==> [/usr/lib/gcc/x86_64-linux-gnu/11/include]
  collapse include dir [/usr/local/include] ==> [/usr/local/include]
  collapse include dir [/usr/include/x86_64-linux-gnu] ==> [/usr/include/x86_64-linux-gnu]
  collapse include dir [/usr/include] ==> [/usr/include]
  implicit include dirs: [/usr/lib/gcc/x86_64-linux-gnu/11/include;/usr/local/include;/usr/include/x86_64-linux-gnu;/usr/include]


Parsed C implicit link information from above output:
  link line regex: [^( *|.*[/\])(ld|CMAKE_LINK_STARTFILE-NOTFOUND|([^/\]+-)?ld|collect2)[^/\]*( |$)]
  ignore line: [Change Dir: /home/joe/Desktop/Workspace/Math24/build/CMakeFiles/CMakeTmp]
  ignore line: []
  ignore line: [Run Build Command(s):/usr/bin/gmake -f Makefile cmTC_b5ca2/fast && /usr/bin/gmake  -f CMakeFiles/cmTC_b5ca2.dir/build.make CMakeFiles/cmTC_b5ca2.dir/build]
  ignore line: [gmake[1]: Entering directory '/home/joe/Desktop/Workspace/Math24/build/CMakeFiles/CMakeTmp']
  ignore line: [Building C object CMakeFiles/cmTC_b5ca2.dir/CMakeCCompilerABI.c.o]
  ignore line: [/usr/bin/cc   -v -o CMakeFiles/cmTC_b5ca2.dir/CMakeCCompilerABI.c.o -c /usr/share/cmake-3.22/Modules/CMakeCCompilerABI.c]
  ignore line: [Using built-in specs.]
  ignore line: [COLLECT_GCC=/usr/bin/cc]
  ignore line: [OFFLOAD_TARGET_NAMES=nvptx-none:amdgcn-amdhsa]
  ignore line: [OFFLOAD_TARGET_DEFAULT=1]
  ignore line: [Target: x86_64-linux-gnu]
  ignore line: [Configured with: ../src/configure -v --with-pkgversion='Ubuntu 11.4.0-1ubuntu1~22.04' --with-bugurl=file:///usr/share/doc/gcc-11/README.Bugs --enable-languages=c ada c++ go brig d fortran objc obj-c++ m2 --prefix=/usr --with-gcc-major-version-only --program-suffix=-11 --program-prefix=x86_64-linux-gnu- --enable-shared --enable-linker-build-id --libexecdir=/usr/lib --without-included-gettext --enable-threads=posix --libdir=/usr/lib --enable-nls --enable-bootstrap --enable-clocale=gnu --enable-libstdcxx-debug --enable-libstdcxx-time=yes --with-default-libstdcxx-abi=new --enable-gnu-unique-object --disable-vtable-verify --enable-plugin --enable-default-pie --with-system-zlib --enable-libphobos-checking=release --with-target-system-zlib=auto --enable-objc-gc=auto --enable-multiarch --disable-werror --enable-cet --with-arch-32=i686 --with-abi=m64 --with-multilib-list=m32 m64 mx32 --enable-multilib --with-tune=generic --enable-offload-targets=nvptx-none=/build/gcc-11-XeT9lY/gcc-11-11.4.0/debian/tmp-nvptx/usr amdgcn-amdhsa=/build/gcc-11-XeT9lY/gcc-11-11.4.0/debian/tmp-gcn/usr --without-cuda-driver --enable-checking=release --build=x86_64-linux-gnu --host=x86_64-linux-gnu --target=x86_64-linux-gnu --with-build-config=bootstrap-lto-lean --enable-link-serialization=2]
  ignore line: [Thread model: posix]
  ignore line: [Supported LTO compression algorithms: zlib zstd]
  ignore line: [gcc version 11.4.0 (Ubuntu 11.4.0-1ubuntu1~22.04) ]
  ignore line: [COLLECT_GCC_OPTIONS='-v' '-o' 'CMakeFiles/cmTC_b5ca2.dir/CMakeCCompilerABI.c.o' '-c' '-mtune=generic' '-march=x86-64' '-dumpdir' 'CMakeFiles/cmTC_b5ca2.dir/']
  ignore line: [ /usr/lib/gcc/x86_64-linux-gnu/11/cc1 -quiet -v -imultiarch x86_64-linux-gnu /usr/share/cmake-3.22/Modules/CMakeCCompilerABI.c -quiet -dumpdir CMakeFiles/cmTC_b5ca2.dir/ -dumpbase CMakeCCompilerABI.c.c -dumpbase-ext .c -mtune=generic -march=x86-64 -version -fasynchronous-unwind-tables -fstack-protector-strong -Wformat -Wformat-security -fstack-clash-protection -fcf-protection -o /tmp/cc7SBhHy.s]
  ignore line: [GNU C17 (Ubuntu 11.4.0-1ubuntu1~22.04) version 11.4.0 (x86_64-linux-gnu)]
  ignore line: [	compiled by GNU C version 11.4.0  GMP version 6.2.1  MPFR version 4.1.0  MPC version 1.2.1  isl version isl-0.24-GMP]
  ignore line: []
  ignore line: [GGC heuristics: --param ggc-min-expand=100 --param ggc-min-heapsize=131072]
  ignore line: [ignoring nonexistent directory "/usr/local/include/x86_64-linux-gnu"]
  ignore line: [ignoring nonexistent directory "/usr/lib/gcc/x86_64-linux-gnu/11/include-fixed"]
  ignore line: [ignoring nonexistent directory "/usr/lib/gcc/x86_64-linux-gnu/11/../../../../x86_64-linux-gnu/include"]
  ignore line: [#include "..." search starts here:]
  ignore line: [#include <...> search starts here:]
  ignore line: [ /usr/lib/gcc/x86_64-linux-gnu/11/include]
  ignore line: [ /usr/local/include]
  ignore line: [ /usr/include/x86_64-linux-gnu]
  ignore line: [ /usr/include]
  ignore line: [End of search list.]
  ignore line: [GNU C17 (Ubuntu 11.4.0-1ubuntu1~22.04) version 11.4.0 (x86_64-linux-gnu)]
  ignore line: [	compiled by GNU C version 11.4.0  GMP version 6.2.1  MPFR version 4.1.0  MPC version 1.2.1  isl version isl-0.24-GMP]
  ignore line: []
  ignore line: [GGC heuristics: --param ggc-min-expand=100 --param ggc-min-heapsize=131072]
  ignore line: [Compiler executable checksum: 50eaa2331df977b8016186198deb2d18]
  ignore line: [COLLECT_GCC_OPTIONS='-v' '-o' 'CMakeFiles/cmTC_b5ca2.dir/CMakeCCompilerABI.c.o' '-c' '-mtune=generic' '-march=x86-64' '-dumpdir' 'CMakeFiles/cmTC_b5ca2.dir/']
  ignore line: [ as -v --64 -o CMakeFiles/cmTC_b5ca2.dir/CMakeCCompilerABI.c.o /tmp/cc7SBhHy.s]
  ignore line: [GNU assembler version 2.38 (x86_64-linux-gnu) using BFD version (GNU Binutils for Ubuntu) 2.38]
  ignore line: [COMPILER_PATH=/usr/lib/gcc/x86_64-linux-gnu/11/:/usr/lib/gcc/x86_64-linux-gnu/11/:/usr/lib/gcc/x86_64-linux-gnu/:/usr/lib/gcc/x86_64-linux-gnu/11/:/usr/lib/gcc/x86_64-linux-gnu/]
  ignore line: [LIBRARY_PATH=/home/joe/libs/TensorRT-10.3.0.26/lib/../lib/:/usr/lib/gcc/x86_64-linux-gnu/11/:/usr/lib/gcc/x86_64-linux-gnu/11/../../../x86_64-linux-gnu/:/usr/lib/gcc/x86_64-linux-gnu/11/../../../../lib/:/lib/x86_64-linux-gnu/:/lib/../lib/:/usr/lib/x86_64-linux-gnu/:/usr/lib/../lib/:./:/home/joe/libs/TensorRT-10.3.0.26/lib/:/usr/lib/gcc/x86_64-linux-gnu/11/../../../:/lib/:/usr/lib/]
  ignore line: [COLLECT_GCC_OPTIONS='-v' '-o' 'CMakeFiles/cmTC_b5ca2.dir/CMakeCCompilerABI.c.o' '-c' '-mtune=generic' '-march=x86-64' '-dumpdir' 'CMakeFiles/cmTC_b5ca2.dir/CMakeCCompilerABI.c.']
  ignore line: [Linking C executable cmTC_b5ca2]
  ignore line: [/usr/bin/cmake -E cmake_link_script CMakeFiles/cmTC_b5ca2.dir/link.txt --verbose=1]
  ignore line: [/usr/bin/cc  -v CMakeFiles/cmTC_b5ca2.dir/CMakeCCompilerABI.c.o -o cmTC_b5ca2 ]
  ignore line: [Using built-in specs.]
  ignore line: [COLLECT_GCC=/usr/bin/cc]
  ignore line: [COLLECT_LTO_WRAPPER=/usr/lib/gcc/x86_64-linux-gnu/11/lto-wrapper]
  ignore line: [OFFLOAD_TARGET_NAMES=nvptx-none:amdgcn-amdhsa]
  ignore line: [OFFLOAD_TARGET_DEFAULT=1]
  ignore line: [Target: x86_64-linux-gnu]
  ignore line: [Configured with: ../src/configure -v --with-pkgversion='Ubuntu 11.4.0-1ubuntu1~22.04' --with-bugurl=file:///usr/share/doc/gcc-11/README.Bugs --enable-languages=c ada c++ go brig d fortran objc obj-c++ m2 --prefix=/usr --with-gcc-major-version-only --program-suffix=-11 --program-prefix=x86_64-linux-gnu- --enable-shared --enable-linker-build-id --libexecdir=/usr/lib --without-included-gettext --enable-threads=posix --libdir=/usr/lib --enable-nls --enable-bootstrap --enable-clocale=gnu --enable-libstdcxx-debug --enable-libstdcxx-time=yes --with-default-libstdcxx-abi=new --enable-gnu-unique-object --disable-vtable-verify --enable-plugin --enable-default-pie --with-system-zlib --enable-libphobos-checking=release --with-target-system-zlib=auto --enable-objc-gc=auto --enable-multiarch --disable-werror --enable-cet --with-arch-32=i686 --with-abi=m64 --with-multilib-list=m32 m64 mx32 --enable-multilib --with-tune=generic --enable-offload-targets=nvptx-none=/build/gcc-11-XeT9lY/gcc-11-11.4.0/debian/tmp-nvptx/usr amdgcn-amdhsa=/build/gcc-11-XeT9lY/gcc-11-11.4.0/debian/tmp-gcn/usr --without-cuda-driver --enable-checking=release --build=x86_64-linux-gnu --host=x86_64-linux-gnu --target=x86_64-linux-gnu --with-build-config=bootstrap-lto-lean --enable-link-serialization=2]
  ignore line: [Thread model: posix]
  ignore line: [Supported LTO compression algorithms: zlib zstd]
  ignore line: [gcc version 11.4.0 (Ubuntu 11.4.0-1ubuntu1~22.04) ]
  ignore line: [COMPILER_PATH=/usr/lib/gcc/x86_64-linux-gnu/11/:/usr/lib/gcc/x86_64-linux-gnu/11/:/usr/lib/gcc/x86_64-linux-gnu/:/usr/lib/gcc/x86_64-linux-gnu/11/:/usr/lib/gcc/x86_64-linux-gnu/]
  ignore line: [LIBRARY_PATH=/home/joe/libs/TensorRT-10.3.0.26/lib/../lib/:/usr/lib/gcc/x86_64-linux-gnu/11/:/usr/lib/gcc/x86_64-linux-gnu/11/../../../x86_64-linux-gnu/:/usr/lib/gcc/x86_64-linux-gnu/11/../../../../lib/:/lib/x86_64-linux-gnu/:/lib/../lib/:/usr/lib/x86_64-linux-gnu/:/usr/lib/../lib/:./:/home/joe/libs/TensorRT-10.3.0.26/lib/:/usr/lib/gcc/x86_64-linux-gnu/11/../../../:/lib/:/usr/lib/]
  ignore line: [COLLECT_GCC_OPTIONS='-v' '-o' 'cmTC_b5ca2' '-mtune=generic' '-march=x86-64' '-dumpdir' 'cmTC_b5ca2.']
  link line: [ /usr/lib/gcc/x86_64-linux-gnu/11/collect2 -plugin /usr/lib/gcc/x86_64-linux-gnu/11/liblto_plugin.so -plugin-opt=/usr/lib/gcc/x86_64-linux-gnu/11/lto-wrapper -plugin-opt=-fresolution=/tmp/ccm5utKQ.res -plugin-opt=-pass-through=-lgcc -plugin-opt=-pass-through=-lgcc_s -plugin-opt=-pass-through=-lc -plugin-opt=-pass-through=-lgcc -plugin-opt=-pass-through=-lgcc_s --build-id --eh-frame-hdr -m elf_x86_64 --hash-style=gnu --as-needed -dynamic-linker /lib64/ld-linux-x86-64.so.2 -pie -z now -z relro -o cmTC_b5ca2 /usr/lib/gcc/x86_64-linux-gnu/11/../../../x86_64-linux-gnu/Scrt1.o /usr/lib/gcc/x86_64-linux-gnu/11/../../../x86_64-linux-gnu/crti.o /usr/lib/gcc/x86_64-linux-gnu/11/crtbeginS.o -L/home/joe/libs/TensorRT-10.3.0.26/lib/../lib -L/usr/lib/gcc/x86_64-linux-gnu/11 -L/usr/lib/gcc/x86_64-linux-gnu/11/../../../x86_64-linux-gnu -L/usr/lib/gcc/x86_64-linux-gnu/11/../../../../lib -L/lib/x86_64-linux-gnu -L/lib/../lib -L/usr/lib/x86_64-linux-gnu -L/usr/lib/../lib -L. -L/home/joe/libs/TensorRT-10.3.0.26/lib -L/usr/lib/gcc/x86_64-linux-gnu/11/../../.. CMakeFiles/cmTC_b5ca2.dir/CMakeCCompilerABI.c.o -lgcc --push-state --as-needed -lgcc_s --pop-state -lc -lgcc --push-state --as-needed -lgcc_s --pop-state /usr/lib/gcc/x86_64-linux-gnu/11/crtendS.o /usr/lib/gcc/x86_64-linux-gnu/11/../../../x86_64-linux-gnu/crtn.o]
    arg [/usr/lib/gcc/x86_64-linux-gnu/11/collect2] ==> ignore
    arg [-plugin] ==> ignore
    arg [/usr/lib/gcc/x86_64-linux-gnu/11/liblto_plugin.so] ==> ignore
    arg [-plugin-opt=/usr/lib/gcc/x86_64-linux-gnu/11/lto-wrapper] ==> ignore
    arg [-plugin-opt=-fresolution=/tmp/ccm5utKQ.res] ==> ignore
    arg [-plugin-opt=-pass-through=-lgcc] ==> ignore
    arg [-plugin-opt=-pass-through=-lgcc_s] ==> ignore
    arg [-plugin-opt=-pass-through=-lc] ==> ignore
    arg [-plugin-opt=-pass-through=-lgcc] ==> ignore
    arg [-plugin-opt=-pass-through=-lgcc_s] ==> ignore
    arg [--build-id] ==> ignore
    arg [--eh-frame-hdr] ==> ignore
    arg [-m] ==> ignore
    arg [elf_x86_64] ==> ignore
    arg [--hash-style=gnu] ==> ignore
    arg [--as-needed] ==> ignore
    arg [-dynamic-linker] ==> ignore
    arg [/lib64/ld-linux-x86-64.so.2] ==> ignore
    arg [-pie] ==> ignore
    arg [-znow] ==> ignore
    arg [-zrelro] ==> ignore
    arg [-o] ==> ignore
    arg [cmTC_b5ca2] ==> ignore
    arg [/usr/lib/gcc/x86_64-linux-gnu/11/../../../x86_64-linux-gnu/Scrt1.o] ==> obj [/usr/lib/gcc/x86_64-linux-gnu/11/../../../x86_64-linux-gnu/Scrt1.o]
    arg [/usr/lib/gcc/x86_64-linux-gnu/11/../../../x86_64-linux-gnu/crti.o] ==> obj [/usr/lib/gcc/x86_64-linux-gnu/11/../../../x86_64-linux-gnu/crti.o]
    arg [/usr/lib/gcc/x86_64-linux-gnu/11/crtbeginS.o] ==> obj [/usr/lib/gcc/x86_64-linux-gnu/11/crtbeginS.o]
    arg [-L/home/joe/libs/TensorRT-10.3.0.26/lib/../lib] ==> dir [/home/joe/libs/TensorRT-10.3.0.26/lib/../lib]
    arg [-L/usr/lib/gcc/x86_64-linux-gnu/11] ==> dir [/usr/lib/gcc/x86_64-linux-gnu/11]
    arg [-L/usr/lib/gcc/x86_64-linux-gnu/11/../../../x86_64-linux-gnu] ==> dir [/usr/lib/gcc/x86_64-linux-gnu/11/../../../x86_64-linux-gnu]
    arg [-L/usr/lib/gcc/x86_64-linux-gnu/11/../../../../lib] ==> dir [/usr/lib/gcc/x86_64-linux-gnu/11/../../../../lib]
    arg [-L/lib/x86_64-linux-gnu] ==> dir [/lib/x86_64-linux-gnu]
    arg [-L/lib/../lib] ==> dir [/lib/../lib]
    arg [-L/usr/lib/x86_64-linux-gnu] ==> dir [/usr/lib/x86_64-linux-gnu]
    arg [-L/usr/lib/../lib] ==> dir [/usr/lib/../lib]
    arg [-L.] ==> ignore
    arg [-L/home/joe/libs/TensorRT-10.3.0.26/lib] ==> dir [/home/joe/libs/TensorRT-10.3.0.26/lib]
    arg [-L/usr/lib/gcc/x86_64-linux-gnu/11/../../..] ==> dir [/usr/lib/gcc/x86_64-linux-gnu/11/../../..]
    arg [CMakeFiles/cmTC_b5ca2.dir/CMakeCCompilerABI.c.o] ==> ignore
    arg [-lgcc] ==> lib [gcc]
    arg [--push-state] ==> ignore
    arg [--as-needed] ==> ignore
    arg [-lgcc_s] ==> lib [gcc_s]
    arg [--pop-state] ==> ignore
    arg [-lc] ==> lib [c]
    arg [-lgcc] ==> lib [gcc]
    arg [--push-state] ==> ignore
    arg [--as-needed] ==> ignore
    arg [-lgcc_s] ==> lib [gcc_s]
    arg [--pop-state] ==> ignore
    arg [/usr/lib/gcc/x86_64-linux-gnu/11/crtendS.o] ==> obj [/usr/lib/gcc/x86_64-linux-gnu/11/crtendS.o]
    arg [/usr/lib/gcc/x86_64-linux-gnu/11/../../../x86_64-linux-gnu/crtn.o] ==> obj [/usr/lib/gcc/x86_64-linux-gnu/11/../../../x86_64-linux-gnu/crtn.o]
  collapse obj [/usr/lib/gcc/x86_64-linux-gnu/11/../../../x86_64-linux-gnu/Scrt1.o] ==> [/usr/lib/x86_64-linux-gnu/Scrt1.o]
  collapse obj [/usr/lib/gcc/x86_64-linux-gnu/11/../../../x86_64-linux-gnu/crti.o] ==> [/usr/lib/x86_64-linux-gnu/crti.o]
  collapse obj [/usr/lib/gcc/x86_64-linux-gnu/11/../../../x86_64-linux-gnu/crtn.o] ==> [/usr/lib/x86_64-linux-gnu/crtn.o]
  collapse library dir [/home/joe/libs/TensorRT-10.3.0.26/lib/../lib] ==> [/home/joe/libs/TensorRT-10.3.0.26/lib]
  collapse library dir [/usr/lib/gcc/x86_64-linux-gnu/11] ==> [/usr/lib/gcc/x86_64-linux-gnu/11]
  collapse library dir [/usr/lib/gcc/x86_64-linux-gnu/11/../../../x86_64-linux-gnu] ==> [/usr/lib/x86_64-linux-gnu]
  collapse library dir [/usr/lib/gcc/x86_64-linux-gnu/11/../../../../lib] ==> [/usr/lib]
  collapse library dir [/lib/x86_64-linux-gnu] ==> [/lib/x86_64-linux-gnu]
  collapse library dir [/lib/../lib] ==> [/lib]
  collapse library dir [/usr/lib/x86_64-linux-gnu] ==> [/usr/lib/x86_64-linux-gnu]
  collapse library dir [/usr/lib/../lib] ==> [/usr/lib]
  collapse library dir [/home/joe/libs/TensorRT-10.3.0.26/lib] ==> [/home/joe/libs/TensorRT-10.3.0.26/lib]
  collapse library dir [/usr/lib/gcc/x86_64-linux-gnu/11/../../..] ==> [/usr/lib]
  implicit libs: [gcc;gcc_s;c;gcc;gcc_s]
  implicit objs: [/usr/lib/x86_64-linux-gnu/Scrt1.o;/usr/lib/x86_64-linux-gnu/crti.o;/usr/lib/gcc/x86_64-linux-gnu/11/crtbeginS.o;/usr/lib/gcc/x86_64-linux-gnu/11/crtendS.o;/usr/lib/x86_64-linux-gnu/crtn.o]
  implicit dirs: [/home/joe/libs/TensorRT-10.3.0.26/lib;/usr/lib/gcc/x86_64-linux-gnu/11;/usr/lib/x86_64-linux-gnu;/usr/lib;/lib/x86_64-linux-gnu;/lib]
  implicit fwks: []


Detecting CXX compiler ABI info compiled with the following output:
Change Dir: /home/joe/Desktop/Workspace/Math24/build/CMakeFiles/CMakeTmp

Run Build Command(s):/usr/bin/gmake -f Makefile cmTC_a4c74/fast && /usr/bin/gmake  -f CMakeFiles/cmTC_a4c74.dir/build.make CMakeFiles/cmTC_a4c74.dir/build
gmake[1]: Entering directory '/home/joe/Desktop/Workspace/Math24/build/CMakeFiles/CMakeTmp'
Building CXX object CMakeFiles/cmTC_a4c74.dir/CMakeCXXCompilerABI.cpp.o
/usr/bin/c++   -v -o CMakeFiles/cmTC_a4c74.dir/CMakeCXXCompilerABI.cpp.o -c /usr/share/cmake-3.22/Modules/CMakeCXXCompilerABI.cpp
Using built-in specs.
COLLECT_GCC=/usr/bin/c++
OFFLOAD_TARGET_NAMES=nvptx-none:amdgcn-amdhsa
OFFLOAD_TARGET_DEFAULT=1
Target: x86_64-linux-gnu
Configured with: ../src/configure -v --with-pkgversion='Ubuntu 11.4.0-1ubuntu1~22.04' --with-bugurl=file:///usr/share/doc/gcc-11/README.Bugs --enable-languages=c,ada,c++,go,brig,d,fortran,objc,obj-c++,m2 --prefix=/usr --with-gcc-major-version-only --program-suffix=-11 --program-prefix=x86_64-linux-gnu- --enable-shared --enable-linker-build-id --libexecdir=/usr/lib --without-included-gettext --enable-threads=posix --libdir=/usr/lib --enable-nls --enable-bootstrap --enable-clocale=gnu --enable-libstdcxx-debug --enable-libstdcxx-time=yes --with-default-libstdcxx-abi=new --enable-gnu-unique-object --disable-vtable-verify --enable-plugin --enable-default-pie --with-system-zlib --enable-libphobos-checking=release --with-target-system-zlib=auto --enable-objc-gc=auto --enable-multiarch --disable-werror --enable-cet --with-arch-32=i686 --with-abi=m64 --with-multilib-list=m32,m64,mx32 --enable-multilib --with-tune=generic --enable-offload-targets=nvptx-none=/build/gcc-11-XeT9lY/gcc-11-11.4.0/debian/tmp-nvptx/usr,amdgcn-amdhsa=/build/gcc-11-XeT9lY/gcc-11-11.4.0/debian/tmp-gcn/usr --without-cuda-driver --enable-checking=release --build=x86_64-linux-gnu --host=x86_64-linux-gnu --target=x86_64-linux-gnu --with-build-config=bootstrap-lto-lean --enable-link-serialization=2
Thread model: posix
Supported LTO compression algorithms: zlib zstd
gcc version 11.4.0 (Ubuntu 11.4.0-1ubuntu1~22.04) 
COLLECT_GCC_OPTIONS='-v' '-o' 'CMakeFiles/cmTC_a4c74.dir/CMakeCXXCompilerABI.cpp.o' '-c' '-shared-libgcc' '-mtune=generic' '-march=x86-64' '-dumpdir' 'CMakeFiles/cmTC_a4c74.dir/'
 /usr/lib/gcc/x86_64-linux-gnu/11/cc1plus -quiet -v -imultiarch x86_64-linux-gnu -D_GNU_SOURCE /usr/share/cmake-3.22/Modules/CMakeCXXCompilerABI.cpp -quiet -dumpdir CMakeFiles/cmTC_a4c74.dir/ -dumpbase CMakeCXXCompilerABI.cpp.cpp -dumpbase-ext .cpp -mtune=generic -march=x86-64 -version -fasynchronous-unwind-tables -fstack-protector-strong -Wformat -Wformat-security -fstack-clash-protection -fcf-protection -o /tmp/ccLrRIZU.s
GNU C++17 (Ubuntu 11.4.0-1ubuntu1~22.04) version 11.4.0 (x86_64-linux-gnu)
	compiled by GNU C version 11.4.0, GMP version 6.2.1, MPFR version 4.1.0, MPC version 1.2.1, isl version isl-0.24-GMP

GGC heuristics: --param ggc-min-expand=100 --param ggc-min-heapsize=131072
ignoring duplicate directory "/usr/include/x86_64-linux-gnu/c++/11"
ignoring nonexistent directory "/usr/local/include/x86_64-linux-gnu"
ignoring nonexistent directory "/usr/lib/gcc/x86_64-linux-gnu/11/include-fixed"
ignoring nonexistent directory "/usr/lib/gcc/x86_64-linux-gnu/11/../../../../x86_64-linux-gnu/include"
#include "..." search starts here:
#include <...> search starts here:
 /usr/include/c++/11
 /usr/include/x86_64-linux-gnu/c++/11
 /usr/include/c++/11/backward
 /usr/lib/gcc/x86_64-linux-gnu/11/include
 /usr/local/include
 /usr/include/x86_64-linux-gnu
 /usr/include
End of search list.
GNU C++17 (Ubuntu 11.4.0-1ubuntu1~22.04) version 11.4.0 (x86_64-linux-gnu)
	compiled by GNU C version 11.4.0, GMP version 6.2.1, MPFR version 4.1.0, MPC version 1.2.1, isl version isl-0.24-GMP

GGC heuristics: --param ggc-min-expand=100 --param ggc-min-heapsize=131072
Compiler executable checksum: d591828bb4d392ae8b7b160e5bb0b95f
COLLECT_GCC_OPTIONS='-v' '-o' 'CMakeFiles/cmTC_a4c74.dir/CMakeCXXCompilerABI.cpp.o' '-c' '-shared-libgcc' '-mtune=generic' '-march=x86-64' '-dumpdir' 'CMakeFiles/cmTC_a4c74.dir/'
 as -v --64 -o CMakeFiles/cmTC_a4c74.dir/CMakeCXXCompilerABI.cpp.o /tmp/ccLrRIZU.s
GNU assembler version 2.38 (x86_64-linux-gnu) using BFD version (GNU Binutils for Ubuntu) 2.38
COMPILER_PATH=/usr/lib/gcc/x86_64-linux-gnu/11/:/usr/lib/gcc/x86_64-linux-gnu/11/:/usr/lib/gcc/x86_64-linux-gnu/:/usr/lib/gcc/x86_64-linux-gnu/11/:/usr/lib/gcc/x86_64-linux-gnu/
LIBRARY_PATH=/home/joe/libs/TensorRT-10.3.0.26/lib/../lib/:/usr/lib/gcc/x86_64-linux-gnu/11/:/usr/lib/gcc/x86_64-linux-gnu/11/../../../x86_64-linux-gnu/:/usr/lib/gcc/x86_64-linux-gnu/11/../../../../lib/:/lib/x86_64-linux-gnu/:/lib/../lib/:/usr/lib/x86_64-linux-gnu/:/usr/lib/../lib/:./:/home/joe/libs/TensorRT-10.3.0.26/lib/:/usr/lib/gcc/x86_64-linux-gnu/11/../../../:/lib/:/usr/lib/
COLLECT_GCC_OPTIONS='-v' '-o' 'CMakeFiles/cmTC_a4c74.dir/CMakeCXXCompilerABI.cpp.o' '-c' '-shared-libgcc' '-mtune=generic' '-march=x86-64' '-dumpdir' 'CMakeFiles/cmTC_a4c74.dir/CMakeCXXCompilerABI.cpp.'
Linking CXX executable cmTC_a4c74
/usr/bin/cmake -E cmake_link_script CMakeFiles/cmTC_a4c74.dir/link.txt --verbose=1
/usr/bin/c++  -v CMakeFiles/cmTC_a4c74.dir/CMakeCXXCompilerABI.cpp.o -o cmTC_a4c74 
Using built-in specs.
COLLECT_GCC=/usr/bin/c++
COLLECT_LTO_WRAPPER=/usr/lib/gcc/x86_64-linux-gnu/11/lto-wrapper
OFFLOAD_TARGET_NAMES=nvptx-none:amdgcn-amdhsa
OFFLOAD_TARGET_DEFAULT=1
Target: x86_64-linux-gnu
Configured with: ../src/configure -v --with-pkgversion='Ubuntu 11.4.0-1ubuntu1~22.04' --with-bugurl=file:///usr/share/doc/gcc-11/README.Bugs --enable-languages=c,ada,c++,go,brig,d,fortran,objc,obj-c++,m2 --prefix=/usr --with-gcc-major-version-only --program-suffix=-11 --program-prefix=x86_64-linux-gnu- --enable-shared --enable-linker-build-id --libexecdir=/usr/lib --without-included-gettext --enable-threads=posix --libdir=/usr/lib --enable-nls --enable-bootstrap --enable-clocale=gnu --enable-libstdcxx-debug --enable-libstdcxx-time=yes --with-default-libstdcxx-abi=new --enable-gnu-unique-object --disable-vtable-verify --enable-plugin --enable-default-pie --with-system-zlib --enable-libphobos-checking=release --with-target-system-zlib=auto --enable-objc-gc=auto --enable-multiarch --disable-werror --enable-cet --with-arch-32=i686 --with-abi=m64 --with-multilib-list=m32,m64,mx32 --enable-multilib --with-tune=generic --enable-offload-targets=nvptx-none=/build/gcc-11-XeT9lY/gcc-11-11.4.0/debian/tmp-nvptx/usr,amdgcn-amdhsa=/build/gcc-11-XeT9lY/gcc-11-11.4.0/debian/tmp-gcn/usr --without-cuda-driver --enable-checking=release --build=x86_64-linux-gnu --host=x86_64-linux-gnu --target=x86_64-linux-gnu --with-build-config=bootstrap-lto-lean --enable-link-serialization=2
Thread model: posix
Supported LTO compression algorithms: zlib zstd
gcc version 11.4.0 (Ubuntu 11.4.0-1ubuntu1~22.04) 
COMPILER_PATH=/usr/lib/gcc/x86_64-linux-gnu/11/:/usr/lib/gcc/x86_64-linux-gnu/11/:/usr/lib/gcc/x86_64-linux-gnu/:/usr/lib/gcc/x86_64-linux-gnu/11/:/usr/lib/gcc/x86_64-linux-gnu/
LIBRARY_PATH=/home/joe/libs/TensorRT-10.3.0.26/lib/../lib/:/usr/lib/gcc/x86_64-linux-gnu/11/:/usr/lib/gcc/x86_64-linux-gnu/11/../../../x86_64-linux-gnu/:/usr/lib/gcc/x86_64-linux-gnu/11/../../../../lib/:/lib/x86_64-linux-gnu/:/lib/../lib/:/usr/lib/x86_64-linux-gnu/:/usr/lib/../lib/:./:/home/joe/libs/TensorRT-10.3.0.26/lib/:/usr/lib/gcc/x86_64-linux-gnu/11/../../../:/lib/:/usr/lib/
COLLECT_GCC_OPTIONS='-v' '-o' 'cmTC_a4c74' '-shared-libgcc' '-mtune=generic' '-march=x86-64' '-dumpdir' 'cmTC_a4c74.'
 /usr/lib/gcc/x86_64-linux-gnu/11/collect2 -plugin /usr/lib/gcc/x86_64-linux-gnu/11/liblto_plugin.so -plugin-opt=/usr/lib/gcc/x86_64-linux-gnu/11/lto-wrapper -plugin-opt=-fresolution=/tmp/ccXvRY0n.res -plugin-opt=-pass-through=-lgcc_s -plugin-opt=-pass-through=-lgcc -plugin-opt=-pass-through=-lc -plugin-opt=-pass-through=-lgcc_s -plugin-opt=-pass-through=-lgcc --build-id --eh-frame-hdr -m elf_x86_64 --hash-style=gnu --as-needed -dynamic-linker /lib64/ld-linux-x86-64.so.2 -pie -z now -z relro -o cmTC_a4c74 /usr/lib/gcc/x86_64-linux-gnu/11/../../../x86_64-linux-gnu/Scrt1.o /usr/lib/gcc/x86_64-linux-gnu/11/../../../x86_64-linux-gnu/crti.o /usr/lib/gcc/x86_64-linux-gnu/11/crtbeginS.o -L/home/joe/libs/TensorRT-10.3.0.26/lib/../lib -L/usr/lib/gcc/x86_64-linux-gnu/11 -L/usr/lib/gcc/x86_64-linux-gnu/11/../../../x86_64-linux-gnu -L/usr/lib/gcc/x86_64-linux-gnu/11/../../../../lib -L/lib/x86_64-linux-gnu -L/lib/../lib -L/usr/lib/x86_64-linux-gnu -L/usr/lib/../lib -L. -L/home/joe/libs/TensorRT-10.3.0.26/lib -L/usr/lib/gcc/x86_64-linux-gnu/11/../../.. CMakeFiles/cmTC_a4c74.dir/CMakeCXXCompilerABI.cpp.o -lstdc++ -lm -lgcc_s -lgcc -lc -lgcc_s -lgcc /usr/lib/gcc/x86_64-linux-gnu/11/crtendS.o /usr/lib/gcc/x86_64-linux-gnu/11/../../../x86_64-linux-gnu/crtn.o
COLLECT_GCC_OPTIONS='-v' '-o' 'cmTC_a4c74' '-shared-libgcc' '-mtune=generic' '-march=x86-64' '-dumpdir' 'cmTC_a4c74.'
gmake[1]: Leaving directory '/home/joe/Desktop/Workspace/Math24/build/CMakeFiles/CMakeTmp'



Parsed CXX implicit include dir info from above output: rv=done
  found start of include info
  found start of implicit include info
    add: [/usr/include/c++/11]
    add: [/usr/include/x86_64-linux-gnu/c++/11]
    add: [/usr/include/c++/11/backward]
    add: [/usr/lib/gcc/x86_64-linux-gnu/11/include]
    add: [/usr/local/include]
    add: [/usr/include/x86_64-linux-gnu]
    add: [/usr/include]
  end of search list found
  collapse include dir [/usr/include/c++/11] ==> [/usr/include/c++/11]
  collapse include dir [/usr/include/x86_64-linux-gnu/c++/11] ==> [/usr/include/x86_64-linux-gnu/c++/11]
  collapse include dir [/usr/include/c++/11/backward] ==> [/usr/include/c++/11/backward]
  collapse include dir [/usr/lib/gcc/x86_64-linux-gnu/11/include] ==> [/usr/lib/gcc/x86_64-linux-gnu/11/include]
  collapse include dir [/usr/local/include] ==> [/usr/local/include]
  collapse include dir [/usr/include/x86_64-linux-gnu] ==> [/usr/include/x86_64-linux-gnu]
  collapse include dir [/usr/include] ==> [/usr/include]
  implicit include dirs: [/usr/include/c++/11;/usr/include/x86_64-linux-gnu/c++/11;/usr/include/c++/11/backward;/usr/lib/gcc/x86_64-linux-gnu/11/include;/usr/local/include;/usr/include/x86_64-linux-gnu;/usr/include]


Parsed CXX implicit link information from above output:
  link line regex: [^( *|.*[/\])(ld|CMAKE_LINK_STARTFILE-NOTFOUND|([^/\]+-)?ld|collect2)[^/\]*( |$)]
  ignore line: [Change Dir: /home/joe/Desktop/Workspace/Math24/build/CMakeFiles/CMakeTmp]
  ignore line: []
  ignore line: [Run Build Command(s):/usr/bin/gmake -f Makefile cmTC_a4c74/fast && /usr/bin/gmake  -f CMakeFiles/cmTC_a4c74.dir/build.make CMakeFiles/cmTC_a4c74.dir/build]
  ignore line: [gmake[1]: Entering directory '/home/joe/Desktop/Workspace/Math24/build/CMakeFiles/CMakeTmp']
  ignore line: [Building CXX object CMakeFiles/cmTC_a4c74.dir/CMakeCXXCompilerABI.cpp.o]
  ignore line: [/usr/bin/c++   -v -o CMakeFiles/cmTC_a4c74.dir/CMakeCXXCompilerABI.cpp.o -c /usr/share/cmake-3.22/Modules/CMakeCXXCompilerABI.cpp]
  ignore line: [Using built-in specs.]
  ignore line: [COLLECT_GCC=/usr/bin/c++]
  ignore line: [OFFLOAD_TARGET_NAMES=nvptx-none:amdgcn-amdhsa]
  ignore line: [OFFLOAD_TARGET_DEFAULT=1]
  ignore line: [Target: x86_64-linux-gnu]
  ignore line: [Configured with: ../src/configure -v --with-pkgversion='Ubuntu 11.4.0-1ubuntu1~22.04' --with-bugurl=file:///usr/share/doc/gcc-11/README.Bugs --enable-languages=c ada c++ go brig d fortran objc obj-c++ m2 --prefix=/usr --with-gcc-major-version-only --program-suffix=-11 --program-prefix=x86_64-linux-gnu- --enable-shared --enable-linker-build-id --libexecdir=/usr/lib --without-included-gettext --enable-threads=posix --libdir=/usr/lib --enable-nls --enable-bootstrap --enable-clocale=gnu --enable-libstdcxx-debug --enable-libstdcxx-time=yes --with-default-libstdcxx-abi=new --enable-gnu-unique-object --disable-vtable-verify --enable-plugin --enable-default-pie --with-system-zlib --enable-libphobos-checking=release --with-target-system-zlib=auto --enable-objc-gc=auto --enable-multiarch --disable-werror --enable-cet --with-arch-32=i686 --with-abi=m64 --with-multilib-list=m32 m64 mx32 --enable-multilib --with-tune=generic --enable-offload-targets=nvptx-none=/build/gcc-11-XeT9lY/gcc-11-11.4.0/debian/tmp-nvptx/usr amdgcn-amdhsa=/build/gcc-11-XeT9lY/gcc-11-11.4.0/debian/tmp-gcn/usr --without-cuda-driver --enable-checking=release --build=x86_64-linux-gnu --host=x86_64-linux-gnu --target=x86_64-linux-gnu --with-build-config=bootstrap-lto-lean --enable-link-serialization=2]
  ignore line: [Thread model: posix]
  ignore line: [Supported LTO compression algorithms: zlib zstd]
  ignore line: [gcc version 11.4.0 (Ubuntu 11.4.0-1ubuntu1~22.04) ]
  ignore line: [COLLECT_GCC_OPTIONS='-v' '-o' 'CMakeFiles/cmTC_a4c74.dir/CMakeCXXCompilerABI.cpp.o' '-c' '-shared-libgcc' '-mtune=generic' '-march=x86-64' '-dumpdir' 'CMakeFiles/cmTC_a4c74.dir/']
  ignore line: [ /usr/lib/gcc/x86_64-linux-gnu/11/cc1plus -quiet -v -imultiarch x86_64-linux-gnu -D_GNU_SOURCE /usr/share/cmake-3.22/Modules/CMakeCXXCompilerABI.cpp -quiet -dumpdir CMakeFiles/cmTC_a4c74.dir/ -dumpbase CMakeCXXCompilerABI.cpp.cpp -dumpbase-ext .cpp -mtune=generic -march=x86-64 -version -fasynchronous-unwind-tables -fstack-protector-strong -Wformat -Wformat-security -fstack-clash-protection -fcf-protection -o /tmp/ccLrRIZU.s]
  ignore line: [GNU C++17 (Ubuntu 11.4.0-1ubuntu1~22.04) version 11.4.0 (x86_64-linux-gnu)]
  ignore line: [	compiled by GNU C version 11.4.0  GMP version 6.2.1  MPFR version 4.1.0  MPC version 1.2.1  isl version isl-0.24-GMP]
  ignore line: []
  ignore line: [GGC heuristics: --param ggc-min-expand=100 --param ggc-min-heapsize=131072]
  ignore line: [ignoring duplicate directory "/usr/include/x86_64-linux-gnu/c++/11"]
  ignore line: [ignoring nonexistent directory "/usr/local/include/x86_64-linux-gnu"]
  ignore line: [ignoring nonexistent directory "/usr/lib/gcc/x86_64-linux-gnu/11/include-fixed"]
  ignore line: [ignoring nonexistent directory "/usr/lib/gcc/x86_64-linux-gnu/11/../../../../x86_64-linux-gnu/include"]
  ignore line: [#include "..." search starts here:]
  ignore line: [#include <...> search starts here:]
  ignore line: [ /usr/include/c++/11]
  ignore line: [ /usr/include/x86_64-linux-gnu/c++/11]
  ignore line: [ /usr/include/c++/11/backward]
  ignore line: [ /usr/lib/gcc/x86_64-linux-gnu/11/include]
  ignore line: [ /usr/local/include]
  ignore line: [ /usr/include/x86_64-linux-gnu]
  ignore line: [ /usr/include]
  ignore line: [End of search list.]
  ignore line: [GNU C++17 (Ubuntu 11.4.0-1ubuntu1~22.04) version 11.4.0 (x86_64-linux-gnu)]
  ignore line: [	compiled by GNU C version 11.4.0  GMP version 6.2.1  MPFR version 4.1.0  MPC version 1.2.1  isl version isl-0.24-GMP]
  ignore line: []
  ignore line: [GGC heuristics: --param ggc-min-expand=100 --param ggc-min-heapsize=131072]
  ignore line: [Compiler executable checksum: d591828bb4d392ae8b7b160e5bb0b95f]
  ignore line: [COLLECT_GCC_OPTIONS='-v' '-o' 'CMakeFiles/cmTC_a4c74.dir/CMakeCXXCompilerABI.cpp.o' '-c' '-shared-libgcc' '-mtune=generic' '-march=x86-64' '-dumpdir' 'CMakeFiles/cmTC_a4c74.dir/']
  ignore line: [ as -v --64 -o CMakeFiles/cmTC_a4c74.dir/CMakeCXXCompilerABI.cpp.o /tmp/ccLrRIZU.s]
  ignore line: [GNU assembler version 2.38 (x86_64-linux-gnu) using BFD version (GNU Binutils for Ubuntu) 2.38]
  ignore line: [COMPILER_PATH=/usr/lib/gcc/x86_64-linux-gnu/11/:/usr/lib/gcc/x86_64-linux-gnu/11/:/usr/lib/gcc/x86_64-linux-gnu/:/usr/lib/gcc/x86_64-linux-gnu/11/:/usr/lib/gcc/x86_64-linux-gnu/]
  ignore line: [LIBRARY_PATH=/home/joe/libs/TensorRT-10.3.0.26/lib/../lib/:/usr/lib/gcc/x86_64-linux-gnu/11/:/usr/lib/gcc/x86_64-linux-gnu/11/../../../x86_64-linux-gnu/:/usr/lib/gcc/x86_64-linux-gnu/11/../../../../lib/:/lib/x86_64-linux-gnu/:/lib/../lib/:/usr/lib/x86_64-linux-gnu/:/usr/lib/../lib/:./:/home/joe/libs/TensorRT-10.3.0.26/lib/:/usr/lib/gcc/x86_64-linux-gnu/11/../../../:/lib/:/usr/lib/]
  ignore line: [COLLECT_GCC_OPTIONS='-v' '-o' 'CMakeFiles/cmTC_a4c74.dir/CMakeCXXCompilerABI.cpp.o' '-c' '-shared-libgcc' '-mtune=generic' '-march=x86-64' '-dumpdir' 'CMakeFiles/cmTC_a4c74.dir/CMakeCXXCompilerABI.cpp.']
  ignore line: [Linking CXX executable cmTC_a4c74]
  ignore line: [/usr/bin/cmake -E cmake_link_script CMakeFiles/cmTC_a4c74.dir/link.txt --verbose=1]
  ignore line: [/usr/bin/c++  -v CMakeFiles/cmTC_a4c74.dir/CMakeCXXCompilerABI.cpp.o -o cmTC_a4c74 ]
  ignore line: [Using built-in specs.]
  ignore line: [COLLECT_GCC=/usr/bin/c++]
  ignore line: [COLLECT_LTO_WRAPPER=/usr/lib/gcc/x86_64-linux-gnu/11/lto-wrapper]
  ignore line: [OFFLOAD_TARGET_NAMES=nvptx-none:amdgcn-amdhsa]
  ignore line: [OFFLOAD_TARGET_DEFAULT=1]
  ignore line: [Target: x86_64-linux-gnu]
  ignore line: [Configured with: ../src/configure -v --with-pkgversion='Ubuntu 11.4.0-1ubuntu1~22.04' --with-bugurl=file:///usr/share/doc/gcc-11/README.Bugs --enable-languages=c ada c++ go brig d fortran objc obj-c++ m2 --prefix=/usr --with-gcc-major-version-only --program-suffix=-11 --program-prefix=x86_64-linux-gnu- --enable-shared --enable-linker-build-id --libexecdir=/usr/lib --without-included-gettext --enable-threads=posix --libdir=/usr/lib --enable-nls --enable-bootstrap --enable-clocale=gnu --enable-libstdcxx-debug --enable-libstdcxx-time=yes --with-default-libstdcxx-abi=new --enable-gnu-unique-object --disable-vtable-verify --enable-plugin --enable-default-pie --with-system-zlib --enable-libphobos-checking=release --with-target-system-zlib=auto --enable-objc-gc=auto --enable-multiarch --disable-werror --enable-cet --with-arch-32=i686 --with-abi=m64 --with-multilib-list=m32 m64 mx32 --enable-multilib --with-tune=generic --enable-offload-targets=nvptx-none=/build/gcc-11-XeT9lY/gcc-11-11.4.0/debian/tmp-nvptx/usr amdgcn-amdhsa=/build/gcc-11-XeT9lY/gcc-11-11.4.0/debian/tmp-gcn/usr --without-cuda-driver --enable-checking=release --build=x86_64-linux-gnu --host=x86_64-linux-gnu --target=x86_64-linux-gnu --with-build-config=bootstrap-lto-lean --enable-link-serialization=2]
  ignore line: [Thread model: posix]
  ignore line: [Supported LTO compression algorithms: zlib zstd]
  ignore line: [gcc version 11.4.0 (Ubuntu 11.4.0-1ubuntu1~22.04) ]
  ignore line: [COMPILER_PATH=/usr/lib/gcc/x86_64-linux-gnu/11/:/usr/lib/gcc/x86_64-linux-gnu/11/:/usr/lib/gcc/x86_64-linux-gnu/:/usr/lib/gcc/x86_64-linux-gnu/11/:/usr/lib/gcc/x86_64-linux-gnu/]
  ignore line: [LIBRARY_PATH=/home/joe/libs/TensorRT-10.3.0.26/lib/../lib/:/usr/lib/gcc/x86_64-linux-gnu/11/:/usr/lib/gcc/x86_64-linux-gnu/11/../../../x86_64-linux-gnu/:/usr/lib/gcc/x86_64-linux-gnu/11/../../../../lib/:/lib/x86_64-linux-gnu/:/lib/../lib/:/usr/lib/x86_64-linux-gnu/:/usr/lib/../lib/:./:/home/joe/libs/TensorRT-10.3.0.26/lib/:/usr/lib/gcc/x86_64-linux-gnu/11/../../../:/lib/:/usr/lib/]
  ignore line: [COLLECT_GCC_OPTIONS='-v' '-o' 'cmTC_a4c74' '-shared-libgcc' '-mtune=generic' '-march=x86-64' '-dumpdir' 'cmTC_a4c74.']
  link line: [ /usr/lib/gcc/x86_64-linux-gnu/11/collect2 -plugin /usr/lib/gcc/x86_64-linux-gnu/11/liblto_plugin.so -plugin-opt=/usr/lib/gcc/x86_64-linux-gnu/11/lto-wrapper -plugin-opt=-fresolution=/tmp/ccXvRY0n.res -plugin-opt=-pass-through=-lgcc_s -plugin-opt=-pass-through=-lgcc -plugin-opt=-pass-through=-lc -plugin-opt=-pass-through=-lgcc_s -plugin-opt=-pass-through=-lgcc --build-id --eh-frame-hdr -m elf_x86_64 --hash-style=gnu --as-needed -dynamic-linker /lib64/ld-linux-x86-64.so.2 -pie -z now -z relro -o cmTC_a4c74 /usr/lib/gcc/x86_64-linux-gnu/11/../../../x86_64-linux-gnu/Scrt1.o /usr/lib/gcc/x86_64-linux-gnu/11/../../../x86_64-linux-gnu/crti.o /usr/lib/gcc/x86_64-linux-gnu/11/crtbeginS.o -L/home/joe/libs/TensorRT-10.3.0.26/lib/../lib -L/usr/lib/gcc/x86_64-linux-gnu/11 -L/usr/lib/gcc/x86_64-linux-gnu/11/../../../x86_64-linux-gnu -L/usr/lib/gcc/x86_64-linux-gnu/11/../../../../lib -L/lib/x86_64-linux-gnu -L/lib/../lib -L/usr/lib/x86_64-linux-gnu -L/usr/lib/../lib -L. -L/home/joe/libs/TensorRT-10.3.0.26/lib -L/usr/lib/gcc/x86_64-linux-gnu/11/../../.. CMakeFiles/cmTC_a4c74.dir/CMakeCXXCompilerABI.cpp.o -lstdc++ -lm -lgcc_s -lgcc -lc -lgcc_s -lgcc /usr/lib/gcc/x86_64-linux-gnu/11/crtendS.o /usr/lib/gcc/x86_64-linux-gnu/11/../../../x86_64-linux-gnu/crtn.o]
    arg [/usr/lib/gcc/x86_64-linux-gnu/11/collect2] ==> ignore
    arg [-plugin] ==> ignore
    arg [/usr/lib/gcc/x86_64-linux-gnu/11/liblto_plugin.so] ==> ignore
    arg [-plugin-opt=/usr/lib/gcc/x86_64-linux-gnu/11/lto-wrapper] ==> ignore
    arg [-plugin-opt=-fresolution=/tmp/ccXvRY0n.res] ==> ignore
    arg [-plugin-opt=-pass-through=-lgcc_s] ==> ignore
    arg [-plugin-opt=-pass-through=-lgcc] ==> ignore
    arg [-plugin-opt=-pass-through=-lc] ==> ignore
    arg [-plugin-opt=-pass-through=-lgcc_s] ==> ignore
    arg [-plugin-opt=-pass-through=-lgcc] ==> ignore
    arg [--build-id] ==> ignore
    arg [--eh-frame-hdr] ==> ignore
    arg [-m] ==> ignore
    arg [elf_x86_64] ==> ignore
    arg [--hash-style=gnu] ==> ignore
    arg [--as-needed] ==> ignore
    arg [-dynamic-linker] ==> ignore
    arg [/lib64/ld-linux-x86-64.so.2] ==> ignore
    arg [-pie] ==> ignore
    arg [-znow] ==> ignore
    arg [-zrelro] ==> ignore
    arg [-o] ==> ignore
    arg [cmTC_a4c74] ==> ignore
    arg [/usr/lib/gcc/x86_64-linux-gnu/11/../../../x86_64-linux-gnu/Scrt1.o] ==> obj [/usr/lib/gcc/x86_64-linux-gnu/11/../../../x86_64-linux-gnu/Scrt1.o]
    arg [/usr/lib/gcc/x86_64-linux-gnu/11/../../../x86_64-linux-gnu/crti.o] ==> obj [/usr/lib/gcc/x86_64-linux-gnu/11/../../../x86_64-linux-gnu/crti.o]
    arg [/usr/lib/gcc/x86_64-linux-gnu/11/crtbeginS.o] ==> obj [/usr/lib/gcc/x86_64-linux-gnu/11/crtbeginS.o]
    arg [-L/home/joe/libs/TensorRT-10.3.0.26/lib/../lib] ==> dir [/home/joe/libs/TensorRT-10.3.0.26/lib/../lib]
    arg [-L/usr/lib/gcc/x86_64-linux-gnu/11] ==> dir [/usr/lib/gcc/x86_64-linux-gnu/11]
    arg [-L/usr/lib/gcc/x86_64-linux-gnu/11/../../../x86_64-linux-gnu] ==> dir [/usr/lib/gcc/x86_64-linux-gnu/11/../../../x86_64-linux-gnu]
    arg [-L/usr/lib/gcc/x86_64-linux-gnu/11/../../../../lib] ==> dir [/usr/lib/gcc/x86_64-linux-gnu/11/../../../../lib]
    arg [-L/lib/x86_64-linux-gnu] ==> dir [/lib/x86_64-linux-gnu]
    arg [-L/lib/../lib] ==> dir [/lib/../lib]
    arg [-L/usr/lib/x86_64-linux-gnu] ==> dir [/usr/lib/x86_64-linux-gnu]
    arg [-L/usr/lib/../lib] ==> dir [/usr/lib/../lib]
    arg [-L.] ==> ignore
    arg [-L/home/joe/libs/TensorRT-10.3.0.26/lib] ==> dir [/home/joe/libs/TensorRT-10.3.0.26/lib]
    arg [-L/usr/lib/gcc/x86_64-linux-gnu/11/../../..] ==> dir [/usr/lib/gcc/x86_64-linux-gnu/11/../../..]
    arg [CMakeFiles/cmTC_a4c74.dir/CMakeCXXCompilerABI.cpp.o] ==> ignore
    arg [-lstdc++] ==> lib [stdc++]
    arg [-lm] ==> lib [m]
    arg [-lgcc_s] ==> lib [gcc_s]
    arg [-lgcc] ==> lib [gcc]
    arg [-lc] ==> lib [c]
    arg [-lgcc_s] ==> lib [gcc_s]
    arg [-lgcc] ==> lib [gcc]
    arg [/usr/lib/gcc/x86_64-linux-gnu/11/crtendS.o] ==> obj [/usr/lib/gcc/x86_64-linux-gnu/11/crtendS.o]
    arg [/usr/lib/gcc/x86_64-linux-gnu/11/../../../x86_64-linux-gnu/crtn.o] ==> obj [/usr/lib/gcc/x86_64-linux-gnu/11/../../../x86_64-linux-gnu/crtn.o]
  collapse obj [/usr/lib/gcc/x86_64-linux-gnu/11/../../../x86_64-linux-gnu/Scrt1.o] ==> [/usr/lib/x86_64-linux-gnu/Scrt1.o]
  collapse obj [/usr/lib/gcc/x86_64-linux-gnu/11/../../../x86_64-linux-gnu/crti.o] ==> [/usr/lib/x86_64-linux-gnu/crti.o]
  collapse obj [/usr/lib/gcc/x86_64-linux-gnu/11/../../../x86_64-linux-gnu/crtn.o] ==> [/usr/lib/x86_64-linux-gnu/crtn.o]
  collapse library dir [/home/joe/libs/TensorRT-10.3.0.26/lib/../lib] ==> [/home/joe/libs/TensorRT-10.3.0.26/lib]
  collapse library dir [/usr/lib/gcc/x86_64-linux-gnu/11] ==> [/usr/lib/gcc/x86_64-linux-gnu/11]
  collapse library dir [/usr/lib/gcc/x86_64-linux-gnu/11/../../../x86_64-linux-gnu] ==> [/usr/lib/x86_64-linux-gnu]
  collapse library dir [/usr/lib/gcc/x86_64-linux-gnu/11/../../../../lib] ==> [/usr/lib]
  collapse library dir [/lib/x86_64-linux-gnu] ==> [/lib/x86_64-linux-gnu]
  collapse library dir [/lib/../lib] ==> [/lib]
  collapse library dir [/usr/lib/x86_64-linux-gnu] ==> [/usr/lib/x86_64-linux-gnu]
  collapse library dir [/usr/lib/../lib] ==> [/usr/lib]
  collapse library dir [/home/joe/libs/TensorRT-10.3.0.26/lib] ==> [/home/joe/libs/TensorRT-10.3.0.26/lib]
  collapse library dir [/usr/lib/gcc/x86_64-linux-gnu/11/../../..] ==> [/usr/lib]
  implicit libs: [stdc++;m;gcc_s;gcc;c;gcc_s;gcc]
  implicit objs: [/usr/lib/x86_64-linux-gnu/Scrt1.o;/usr/lib/x86_64-linux-gnu/crti.o;/usr/lib/gcc/x86_64-linux-gnu/11/crtbeginS.o;/usr/lib/gcc/x86_64-linux-gnu/11/crtendS.o;/usr/lib/x86_64-linux-gnu/crtn.o]
  implicit dirs: [/home/joe/libs/TensorRT-10.3.0.26/lib;/usr/lib/gcc/x86_64-linux-gnu/11;/usr/lib/x86_64-linux-gnu;/usr/lib;/lib/x86_64-linux-gnu;/lib]
  implicit fwks: []


Determining if the include file sys/types.h exists passed with the following output:
Change Dir: /home/joe/Desktop/Workspace/Math24/build/CMakeFiles/CMakeTmp

Run Build Command(s):/usr/bin/gmake -f Makefile cmTC_b9fc5/fast && /usr/bin/gmake  -f CMakeFiles/cmTC_b9fc5.dir/build.make CMakeFiles/cmTC_b9fc5.dir/build
gmake[1]: Entering directory '/home/joe/Desktop/Workspace/Math24/build/CMakeFiles/CMakeTmp'
Building C object CMakeFiles/cmTC_b9fc5.dir/CheckIncludeFile.c.o
/usr/bin/cc    -o CMakeFiles/cmTC_b9fc5.dir/CheckIncludeFile.c.o -c /home/joe/Desktop/Workspace/Math24/build/CMakeFiles/CMakeTmp/CheckIncludeFile.c
Linking C executable cmTC_b9fc5
/usr/bin/cmake -E cmake_link_script CMakeFiles/cmTC_b9fc5.dir/link.txt --verbose=1
/usr/bin/cc CMakeFiles/cmTC_b9fc5.dir/CheckIncludeFile.c.o -o cmTC_b9fc5 
gmake[1]: Leaving directory '/home/joe/Desktop/Workspace/Math24/build/CMakeFiles/CMakeTmp'



Determining if the include file stdint.h exists passed with the following output:
Change Dir: /home/joe/Desktop/Workspace/Math24/build/CMakeFiles/CMakeTmp

Run Build Command(s):/usr/bin/gmake -f Makefile cmTC_62b0c/fast && /usr/bin/gmake  -f CMakeFiles/cmTC_62b0c.dir/build.make CMakeFiles/cmTC_62b0c.dir/build
gmake[1]: Entering directory '/home/joe/Desktop/Workspace/Math24/build/CMakeFiles/CMakeTmp'
Building C object CMakeFiles/cmTC_62b0c.dir/CheckIncludeFile.c.o
/usr/bin/cc    -o CMakeFiles/cmTC_62b0c.dir/CheckIncludeFile.c.o -c /home/joe/Desktop/Workspace/Math24/build/CMakeFiles/CMakeTmp/CheckIncludeFile.c
Linking C executable cmTC_62b0c
/usr/bin/cmake -E cmake_link_script CMakeFiles/cmTC_62b0c.dir/link.txt --verbose=1
/usr/bin/cc CMakeFiles/cmTC_62b0c.dir/CheckIncludeFile.c.o -o cmTC_62b0c 
gmake[1]: Leaving directory '/home/joe/Desktop/Workspace/Math24/build/CMakeFiles/CMakeTmp'



Determining if the include file stddef.h exists passed with the following output:
Change Dir: /home/joe/Desktop/Workspace/Math24/build/CMakeFiles/CMakeTmp

Run Build Command(s):/usr/bin/gmake -f Makefile cmTC_a20ee/fast && /usr/bin/gmake  -f CMakeFiles/cmTC_a20ee.dir/build.make CMakeFiles/cmTC_a20ee.dir/build
gmake[1]: Entering directory '/home/joe/Desktop/Workspace/Math24/build/CMakeFiles/CMakeTmp'
Building C object CMakeFiles/cmTC_a20ee.dir/CheckIncludeFile.c.o
/usr/bin/cc    -o CMakeFiles/cmTC_a20ee.dir/CheckIncludeFile.c.o -c /home/joe/Desktop/Workspace/Math24/build/CMakeFiles/CMakeTmp/CheckIncludeFile.c
Linking C executable cmTC_a20ee
/usr/bin/cmake -E cmake_link_script CMakeFiles/cmTC_a20ee.dir/link.txt --verbose=1
/usr/bin/cc CMakeFiles/cmTC_a20ee.dir/CheckIncludeFile.c.o -o cmTC_a20ee 
gmake[1]: Leaving directory '/home/joe/Desktop/Workspace/Math24/build/CMakeFiles/CMakeTmp'



Determining size of short passed with the following output:
Change Dir: /home/joe/Desktop/Workspace/Math24/build/CMakeFiles/CMakeTmp

Run Build Command(s):/usr/bin/gmake -f Makefile cmTC_0166f/fast && /usr/bin/gmake  -f CMakeFiles/cmTC_0166f.dir/build.make CMakeFiles/cmTC_0166f.dir/build
gmake[1]: Entering directory '/home/joe/Desktop/Workspace/Math24/build/CMakeFiles/CMakeTmp'
Building C object CMakeFiles/cmTC_0166f.dir/SIZEOF_SHORT.c.o
/usr/bin/cc    -o CMakeFiles/cmTC_0166f.dir/SIZEOF_SHORT.c.o -c /home/joe/Desktop/Workspace/Math24/build/CMakeFiles/CheckTypeSize/SIZEOF_SHORT.c
Linking C executable cmTC_0166f
/usr/bin/cmake -E cmake_link_script CMakeFiles/cmTC_0166f.dir/link.txt --verbose=1
/usr/bin/cc CMakeFiles/cmTC_0166f.dir/SIZEOF_SHORT.c.o -o cmTC_0166f 
gmake[1]: Leaving directory '/home/joe/Desktop/Workspace/Math24/build/CMakeFiles/CMakeTmp'



Determining size of int passed with the following output:
Change Dir: /home/joe/Desktop/Workspace/Math24/build/CMakeFiles/CMakeTmp

Run Build Command(s):/usr/bin/gmake -f Makefile cmTC_cc433/fast && /usr/bin/gmake  -f CMakeFiles/cmTC_cc433.dir/build.make CMakeFiles/cmTC_cc433.dir/build
gmake[1]: Entering directory '/home/joe/Desktop/Workspace/Math24/build/CMakeFiles/CMakeTmp'
Building C object CMakeFiles/cmTC_cc433.dir/SIZEOF_INT.c.o
/usr/bin/cc    -o CMakeFiles/cmTC_cc433.dir/SIZEOF_INT.c.o -c /home/joe/Desktop/Workspace/Math24/build/CMakeFiles/CheckTypeSize/SIZEOF_INT.c
Linking C executable cmTC_cc433
/usr/bin/cmake -E cmake_link_script CMakeFiles/cmTC_cc433.dir/link.txt --verbose=1
/usr/bin/cc CMakeFiles/cmTC_cc433.dir/SIZEOF_INT.c.o -o cmTC_cc433 
gmake[1]: Leaving directory '/home/joe/Desktop/Workspace/Math24/build/CMakeFiles/CMakeTmp'



Determining size of long passed with the following output:
Change Dir: /home/joe/Desktop/Workspace/Math24/build/CMakeFiles/CMakeTmp

Run Build Command(s):/usr/bin/gmake -f Makefile cmTC_36edd/fast && /usr/bin/gmake  -f CMakeFiles/cmTC_36edd.dir/build.make CMakeFiles/cmTC_36edd.dir/build
gmake[1]: Entering directory '/home/joe/Desktop/Workspace/Math24/build/CMakeFiles/CMakeTmp'
Building C object CMakeFiles/cmTC_36edd.dir/SIZEOF_LONG.c.o
/usr/bin/cc    -o CMakeFiles/cmTC_36edd.dir/SIZEOF_LONG.c.o -c /home/joe/Desktop/Workspace/Math24/build/CMakeFiles/CheckTypeSize/SIZEOF_LONG.c
Linking C executable cmTC_36edd
/usr/bin/cmake -E cmake_link_script CMakeFiles/cmTC_36edd.dir/link.txt --verbose=1
/usr/bin/cc CMakeFiles/cmTC_36edd.dir/SIZEOF_LONG.c.o -o cmTC_36edd 
gmake[1]: Leaving directory '/home/joe/Desktop/Workspace/Math24/build/CMakeFiles/CMakeTmp'



Determining size of long long passed with the following output:
Change Dir: /home/joe/Desktop/Workspace/Math24/build/CMakeFiles/CMakeTmp

Run Build Command(s):/usr/bin/gmake -f Makefile cmTC_61d55/fast && /usr/bin/gmake  -f CMakeFiles/cmTC_61d55.dir/build.make CMakeFiles/cmTC_61d55.dir/build
gmake[1]: Entering directory '/home/joe/Desktop/Workspace/Math24/build/CMakeFiles/CMakeTmp'
Building C object CMakeFiles/cmTC_61d55.dir/HAVE_LONG_LONG.c.o
/usr/bin/cc    -o CMakeFiles/cmTC_61d55.dir/HAVE_LONG_LONG.c.o -c /home/joe/Desktop/Workspace/Math24/build/CMakeFiles/CheckTypeSize/HAVE_LONG_LONG.c
Linking C executable cmTC_61d55
/usr/bin/cmake -E cmake_link_script CMakeFiles/cmTC_61d55.dir/link.txt --verbose=1
/usr/bin/cc CMakeFiles/cmTC_61d55.dir/HAVE_LONG_LONG.c.o -o cmTC_61d55 
gmake[1]: Leaving directory '/home/joe/Desktop/Workspace/Math24/build/CMakeFiles/CMakeTmp'



Determining if files alsa/asoundlib.h exist passed with the following output:
Change Dir: /home/joe/Desktop/Workspace/Math24/build/CMakeFiles/CMakeTmp

Run Build Command(s):/usr/bin/gmake -f Makefile cmTC_2b147/fast && /usr/bin/gmake  -f CMakeFiles/cmTC_2b147.dir/build.make CMakeFiles/cmTC_2b147.dir/build
gmake[1]: Entering directory '/home/joe/Desktop/Workspace/Math24/build/CMakeFiles/CMakeTmp'
Building C object CMakeFiles/cmTC_2b147.dir/HAVE_ALSA_ASOUNDLIB_H.c.o
/usr/bin/cc    -o CMakeFiles/cmTC_2b147.dir/HAVE_ALSA_ASOUNDLIB_H.c.o -c /home/joe/Desktop/Workspace/Math24/build/CMakeFiles/CheckIncludeFiles/HAVE_ALSA_ASOUNDLIB_H.c
Linking C executable cmTC_2b147
/usr/bin/cmake -E cmake_link_script CMakeFiles/cmTC_2b147.dir/link.txt --verbose=1
/usr/bin/cc CMakeFiles/cmTC_2b147.dir/HAVE_ALSA_ASOUNDLIB_H.c.o -o cmTC_2b147 
gmake[1]: Leaving directory '/home/joe/Desktop/Workspace/Math24/build/CMakeFiles/CMakeTmp'



Determining if files dlfcn.h exist passed with the following output:
Change Dir: /home/joe/Desktop/Workspace/Math24/build/CMakeFiles/CMakeTmp

Run Build Command(s):/usr/bin/gmake -f Makefile cmTC_28b4a/fast && /usr/bin/gmake  -f CMakeFiles/cmTC_28b4a.dir/build.make CMakeFiles/cmTC_28b4a.dir/build
gmake[1]: Entering directory '/home/joe/Desktop/Workspace/Math24/build/CMakeFiles/CMakeTmp'
Building C object CMakeFiles/cmTC_28b4a.dir/HAVE_DLFCN_H.c.o
/usr/bin/cc    -o CMakeFiles/cmTC_28b4a.dir/HAVE_DLFCN_H.c.o -c /home/joe/Desktop/Workspace/Math24/build/CMakeFiles/CheckIncludeFiles/HAVE_DLFCN_H.c
Linking C executable cmTC_28b4a
/usr/bin/cmake -E cmake_link_script CMakeFiles/cmTC_28b4a.dir/link.txt --verbose=1
/usr/bin/cc CMakeFiles/cmTC_28b4a.dir/HAVE_DLFCN_H.c.o -o cmTC_28b4a 
gmake[1]: Leaving directory '/home/joe/Desktop/Workspace/Math24/build/CMakeFiles/CMakeTmp'



Determining if files GL/glu.h exist passed with the following output:
Change Dir: /home/joe/Desktop/Workspace/Math24/build/CMakeFiles/CMakeTmp

Run Build Command(s):/usr/bin/gmake -f Makefile cmTC_8e03d/fast && /usr/bin/gmake  -f CMakeFiles/cmTC_8e03d.dir/build.make CMakeFiles/cmTC_8e03d.dir/build
gmake[1]: Entering directory '/home/joe/Desktop/Workspace/Math24/build/CMakeFiles/CMakeTmp'
Building C object CMakeFiles/cmTC_8e03d.dir/HAVE_GL_GLU_H.c.o
/usr/bin/cc    -o CMakeFiles/cmTC_8e03d.dir/HAVE_GL_GLU_H.c.o -c /home/joe/Desktop/Workspace/Math24/build/CMakeFiles/CheckIncludeFiles/HAVE_GL_GLU_H.c
Linking C executable cmTC_8e03d
/usr/bin/cmake -E cmake_link_script CMakeFiles/cmTC_8e03d.dir/link.txt --verbose=1
/usr/bin/cc CMakeFiles/cmTC_8e03d.dir/HAVE_GL_GLU_H.c.o -o cmTC_8e03d 
gmake[1]: Leaving directory '/home/joe/Desktop/Workspace/Math24/build/CMakeFiles/CMakeTmp'



Determining if files locale.h exist passed with the following output:
Change Dir: /home/joe/Desktop/Workspace/Math24/build/CMakeFiles/CMakeTmp

Run Build Command(s):/usr/bin/gmake -f Makefile cmTC_629bd/fast && /usr/bin/gmake  -f CMakeFiles/cmTC_629bd.dir/build.make CMakeFiles/cmTC_629bd.dir/build
gmake[1]: Entering directory '/home/joe/Desktop/Workspace/Math24/build/CMakeFiles/CMakeTmp'
Building C object CMakeFiles/cmTC_629bd.dir/HAVE_LOCALE_H.c.o
/usr/bin/cc    -o CMakeFiles/cmTC_629bd.dir/HAVE_LOCALE_H.c.o -c /home/joe/Desktop/Workspace/Math24/build/CMakeFiles/CheckIncludeFiles/HAVE_LOCALE_H.c
Linking C executable cmTC_629bd
/usr/bin/cmake -E cmake_link_script CMakeFiles/cmTC_629bd.dir/link.txt --verbose=1
/usr/bin/cc CMakeFiles/cmTC_629bd.dir/HAVE_LOCALE_H.c.o -o cmTC_629bd 
gmake[1]: Leaving directory '/home/joe/Desktop/Workspace/Math24/build/CMakeFiles/CMakeTmp'



Determining if files stdio.h exist passed with the following output:
Change Dir: /home/joe/Desktop/Workspace/Math24/build/CMakeFiles/CMakeTmp

Run Build Command(s):/usr/bin/gmake -f Makefile cmTC_7fdc0/fast && /usr/bin/gmake  -f CMakeFiles/cmTC_7fdc0.dir/build.make CMakeFiles/cmTC_7fdc0.dir/build
gmake[1]: Entering directory '/home/joe/Desktop/Workspace/Math24/build/CMakeFiles/CMakeTmp'
Building C object CMakeFiles/cmTC_7fdc0.dir/HAVE_STDIO_H.c.o
/usr/bin/cc    -o CMakeFiles/cmTC_7fdc0.dir/HAVE_STDIO_H.c.o -c /home/joe/Desktop/Workspace/Math24/build/CMakeFiles/CheckIncludeFiles/HAVE_STDIO_H.c
Linking C executable cmTC_7fdc0
/usr/bin/cmake -E cmake_link_script CMakeFiles/cmTC_7fdc0.dir/link.txt --verbose=1
/usr/bin/cc CMakeFiles/cmTC_7fdc0.dir/HAVE_STDIO_H.c.o -o cmTC_7fdc0 
gmake[1]: Leaving directory '/home/joe/Desktop/Workspace/Math24/build/CMakeFiles/CMakeTmp'



Determining if files strings.h exist passed with the following output:
Change Dir: /home/joe/Desktop/Workspace/Math24/build/CMakeFiles/CMakeTmp

Run Build Command(s):/usr/bin/gmake -f Makefile cmTC_48752/fast && /usr/bin/gmake  -f CMakeFiles/cmTC_48752.dir/build.make CMakeFiles/cmTC_48752.dir/build
gmake[1]: Entering directory '/home/joe/Desktop/Workspace/Math24/build/CMakeFiles/CMakeTmp'
Building C object CMakeFiles/cmTC_48752.dir/HAVE_STRINGS_H.c.o
/usr/bin/cc    -o CMakeFiles/cmTC_48752.dir/HAVE_STRINGS_H.c.o -c /home/joe/Desktop/Workspace/Math24/build/CMakeFiles/CheckIncludeFiles/HAVE_STRINGS_H.c
Linking C executable cmTC_48752
/usr/bin/cmake -E cmake_link_script CMakeFiles/cmTC_48752.dir/link.txt --verbose=1
/usr/bin/cc CMakeFiles/cmTC_48752.dir/HAVE_STRINGS_H.c.o -o cmTC_48752 
gmake[1]: Leaving directory '/home/joe/Desktop/Workspace/Math24/build/CMakeFiles/CMakeTmp'



Determining if files sys/select.h exist passed with the following output:
Change Dir: /home/joe/Desktop/Workspace/Math24/build/CMakeFiles/CMakeTmp

Run Build Command(s):/usr/bin/gmake -f Makefile cmTC_9d923/fast && /usr/bin/gmake  -f CMakeFiles/cmTC_9d923.dir/build.make CMakeFiles/cmTC_9d923.dir/build
gmake[1]: Entering directory '/home/joe/Desktop/Workspace/Math24/build/CMakeFiles/CMakeTmp'
Building C object CMakeFiles/cmTC_9d923.dir/HAVE_SYS_SELECT_H.c.o
/usr/bin/cc    -o CMakeFiles/cmTC_9d923.dir/HAVE_SYS_SELECT_H.c.o -c /home/joe/Desktop/Workspace/Math24/build/CMakeFiles/CheckIncludeFiles/HAVE_SYS_SELECT_H.c
Linking C executable cmTC_9d923
/usr/bin/cmake -E cmake_link_script CMakeFiles/cmTC_9d923.dir/link.txt --verbose=1
/usr/bin/cc CMakeFiles/cmTC_9d923.dir/HAVE_SYS_SELECT_H.c.o -o cmTC_9d923 
gmake[1]: Leaving directory '/home/joe/Desktop/Workspace/Math24/build/CMakeFiles/CMakeTmp'



Determining if files X11/Xlib.h;X11/Xregion.h exist passed with the following output:
Change Dir: /home/joe/Desktop/Workspace/Math24/build/CMakeFiles/CMakeTmp

Run Build Command(s):/usr/bin/gmake -f Makefile cmTC_be2ff/fast && /usr/bin/gmake  -f CMakeFiles/cmTC_be2ff.dir/build.make CMakeFiles/cmTC_be2ff.dir/build
gmake[1]: Entering directory '/home/joe/Desktop/Workspace/Math24/build/CMakeFiles/CMakeTmp'
Building C object CMakeFiles/cmTC_be2ff.dir/HAVE_X11_XREGION_H.c.o
/usr/bin/cc    -o CMakeFiles/cmTC_be2ff.dir/HAVE_X11_XREGION_H.c.o -c /home/joe/Desktop/Workspace/Math24/build/CMakeFiles/CheckIncludeFiles/HAVE_X11_XREGION_H.c
Linking C executable cmTC_be2ff
/usr/bin/cmake -E cmake_link_script CMakeFiles/cmTC_be2ff.dir/link.txt --verbose=1
/usr/bin/cc CMakeFiles/cmTC_be2ff.dir/HAVE_X11_XREGION_H.c.o -o cmTC_be2ff 
gmake[1]: Leaving directory '/home/joe/Desktop/Workspace/Math24/build/CMakeFiles/CMakeTmp'



Determining if files pthread.h exist passed with the following output:
Change Dir: /home/joe/Desktop/Workspace/Math24/build/CMakeFiles/CMakeTmp

Run Build Command(s):/usr/bin/gmake -f Makefile cmTC_62f28/fast && /usr/bin/gmake  -f CMakeFiles/cmTC_62f28.dir/build.make CMakeFiles/cmTC_62f28.dir/build
gmake[1]: Entering directory '/home/joe/Desktop/Workspace/Math24/build/CMakeFiles/CMakeTmp'
Building C object CMakeFiles/cmTC_62f28.dir/HAVE_PTHREAD_H.c.o
/usr/bin/cc    -o CMakeFiles/cmTC_62f28.dir/HAVE_PTHREAD_H.c.o -c /home/joe/Desktop/Workspace/Math24/build/CMakeFiles/CheckIncludeFiles/HAVE_PTHREAD_H.c
Linking C executable cmTC_62f28
/usr/bin/cmake -E cmake_link_script CMakeFiles/cmTC_62f28.dir/link.txt --verbose=1
/usr/bin/cc CMakeFiles/cmTC_62f28.dir/HAVE_PTHREAD_H.c.o -o cmTC_62f28 
gmake[1]: Leaving directory '/home/joe/Desktop/Workspace/Math24/build/CMakeFiles/CMakeTmp'



Determining if files dirent.h exist passed with the following output:
Change Dir: /home/joe/Desktop/Workspace/Math24/build/CMakeFiles/CMakeTmp

Run Build Command(s):/usr/bin/gmake -f Makefile cmTC_3b7d9/fast && /usr/bin/gmake  -f CMakeFiles/cmTC_3b7d9.dir/build.make CMakeFiles/cmTC_3b7d9.dir/build
gmake[1]: Entering directory '/home/joe/Desktop/Workspace/Math24/build/CMakeFiles/CMakeTmp'
Building C object CMakeFiles/cmTC_3b7d9.dir/HAVE_DIRENT_H.c.o
/usr/bin/cc    -o CMakeFiles/cmTC_3b7d9.dir/HAVE_DIRENT_H.c.o -c /home/joe/Desktop/Workspace/Math24/build/CMakeFiles/CheckIncludeFiles/HAVE_DIRENT_H.c
Linking C executable cmTC_3b7d9
/usr/bin/cmake -E cmake_link_script CMakeFiles/cmTC_3b7d9.dir/link.txt --verbose=1
/usr/bin/cc CMakeFiles/cmTC_3b7d9.dir/HAVE_DIRENT_H.c.o -o cmTC_3b7d9 
gmake[1]: Leaving directory '/home/joe/Desktop/Workspace/Math24/build/CMakeFiles/CMakeTmp'



Determining if the dlsym exist passed with the following output:
Change Dir: /home/joe/Desktop/Workspace/Math24/build/CMakeFiles/CMakeTmp

Run Build Command(s):/usr/bin/gmake -f Makefile cmTC_c9f12/fast && /usr/bin/gmake  -f CMakeFiles/cmTC_c9f12.dir/build.make CMakeFiles/cmTC_c9f12.dir/build
gmake[1]: Entering directory '/home/joe/Desktop/Workspace/Math24/build/CMakeFiles/CMakeTmp'
Building C object CMakeFiles/cmTC_c9f12.dir/CheckSymbolExists.c.o
/usr/bin/cc    -o CMakeFiles/cmTC_c9f12.dir/CheckSymbolExists.c.o -c /home/joe/Desktop/Workspace/Math24/build/CMakeFiles/CMakeTmp/CheckSymbolExists.c
Linking C executable cmTC_c9f12
/usr/bin/cmake -E cmake_link_script CMakeFiles/cmTC_c9f12.dir/link.txt --verbose=1
/usr/bin/cc CMakeFiles/cmTC_c9f12.dir/CheckSymbolExists.c.o -o cmTC_c9f12  -ldl 
gmake[1]: Leaving directory '/home/joe/Desktop/Workspace/Math24/build/CMakeFiles/CMakeTmp'


File /home/joe/Desktop/Workspace/Math24/build/CMakeFiles/CMakeTmp/CheckSymbolExists.c:
/* */
#include <dlfcn.h>

int main(int argc, char** argv)
{
  (void)argv;
#ifndef dlsym
  return ((int*)(&dlsym))[argc];
#else
  (void)argc;
  return 0;
#endif
}
Determining if the localeconv exist passed with the following output:
Change Dir: /home/joe/Desktop/Workspace/Math24/build/CMakeFiles/CMakeTmp

Run Build Command(s):/usr/bin/gmake -f Makefile cmTC_c3761/fast && /usr/bin/gmake  -f CMakeFiles/cmTC_c3761.dir/build.make CMakeFiles/cmTC_c3761.dir/build
gmake[1]: Entering directory '/home/joe/Desktop/Workspace/Math24/build/CMakeFiles/CMakeTmp'
Building C object CMakeFiles/cmTC_c3761.dir/CheckSymbolExists.c.o
/usr/bin/cc    -o CMakeFiles/cmTC_c3761.dir/CheckSymbolExists.c.o -c /home/joe/Desktop/Workspace/Math24/build/CMakeFiles/CMakeTmp/CheckSymbolExists.c
Linking C executable cmTC_c3761
/usr/bin/cmake -E cmake_link_script CMakeFiles/cmTC_c3761.dir/link.txt --verbose=1
/usr/bin/cc CMakeFiles/cmTC_c3761.dir/CheckSymbolExists.c.o -o cmTC_c3761 
gmake[1]: Leaving directory '/home/joe/Desktop/Workspace/Math24/build/CMakeFiles/CMakeTmp'


File /home/joe/Desktop/Workspace/Math24/build/CMakeFiles/CMakeTmp/CheckSymbolExists.c:
/* */
#include <locale.h>

int main(int argc, char** argv)
{
  (void)argv;
#ifndef localeconv
  return ((int*)(&localeconv))[argc];
#else
  (void)argc;
  return 0;
#endif
}
Determining if the png_get_valid exist passed with the following output:
Change Dir: /home/joe/Desktop/Workspace/Math24/build/CMakeFiles/CMakeTmp

Run Build Command(s):/usr/bin/gmake -f Makefile cmTC_64fc2/fast && /usr/bin/gmake  -f CMakeFiles/cmTC_64fc2.dir/build.make CMakeFiles/cmTC_64fc2.dir/build
gmake[1]: Entering directory '/home/joe/Desktop/Workspace/Math24/build/CMakeFiles/CMakeTmp'
Building C object CMakeFiles/cmTC_64fc2.dir/CheckSymbolExists.c.o
/usr/bin/cc    -o CMakeFiles/cmTC_64fc2.dir/CheckSymbolExists.c.o -c /home/joe/Desktop/Workspace/Math24/build/CMakeFiles/CMakeTmp/CheckSymbolExists.c
Linking C executable cmTC_64fc2
/usr/bin/cmake -E cmake_link_script CMakeFiles/cmTC_64fc2.dir/link.txt --verbose=1
/usr/bin/cc CMakeFiles/cmTC_64fc2.dir/CheckSymbolExists.c.o -o cmTC_64fc2  /usr/lib/x86_64-linux-gnu/libpng.so 
gmake[1]: Leaving directory '/home/joe/Desktop/Workspace/Math24/build/CMakeFiles/CMakeTmp'


File /home/joe/Desktop/Workspace/Math24/build/CMakeFiles/CMakeTmp/CheckSymbolExists.c:
/* */
#include <png.h>

int main(int argc, char** argv)
{
  (void)argv;
#ifndef png_get_valid
  return ((int*)(&png_get_valid))[argc];
#else
  (void)argc;
  return 0;
#endif
}
Determining if the png_set_tRNS_to_alpha exist passed with the following output:
Change Dir: /home/joe/Desktop/Workspace/Math24/build/CMakeFiles/CMakeTmp

Run Build Command(s):/usr/bin/gmake -f Makefile cmTC_f75c6/fast && /usr/bin/gmake  -f CMakeFiles/cmTC_f75c6.dir/build.make CMakeFiles/cmTC_f75c6.dir/build
gmake[1]: Entering directory '/home/joe/Desktop/Workspace/Math24/build/CMakeFiles/CMakeTmp'
Building C object CMakeFiles/cmTC_f75c6.dir/CheckSymbolExists.c.o
/usr/bin/cc    -o CMakeFiles/cmTC_f75c6.dir/CheckSymbolExists.c.o -c /home/joe/Desktop/Workspace/Math24/build/CMakeFiles/CMakeTmp/CheckSymbolExists.c
Linking C executable cmTC_f75c6
/usr/bin/cmake -E cmake_link_script CMakeFiles/cmTC_f75c6.dir/link.txt --verbose=1
/usr/bin/cc CMakeFiles/cmTC_f75c6.dir/CheckSymbolExists.c.o -o cmTC_f75c6  /usr/lib/x86_64-linux-gnu/libpng.so 
gmake[1]: Leaving directory '/home/joe/Desktop/Workspace/Math24/build/CMakeFiles/CMakeTmp'


File /home/joe/Desktop/Workspace/Math24/build/CMakeFiles/CMakeTmp/CheckSymbolExists.c:
/* */
#include <png.h>

int main(int argc, char** argv)
{
  (void)argv;
#ifndef png_set_tRNS_to_alpha
  return ((int*)(&png_set_tRNS_to_alpha))[argc];
#else
  (void)argc;
  return 0;
#endif
}
Determining if the scandir exist passed with the following output:
Change Dir: /home/joe/Desktop/Workspace/Math24/build/CMakeFiles/CMakeTmp

Run Build Command(s):/usr/bin/gmake -f Makefile cmTC_48dbc/fast && /usr/bin/gmake  -f CMakeFiles/cmTC_48dbc.dir/build.make CMakeFiles/cmTC_48dbc.dir/build
gmake[1]: Entering directory '/home/joe/Desktop/Workspace/Math24/build/CMakeFiles/CMakeTmp'
Building C object CMakeFiles/cmTC_48dbc.dir/CheckSymbolExists.c.o
/usr/bin/cc    -o CMakeFiles/cmTC_48dbc.dir/CheckSymbolExists.c.o -c /home/joe/Desktop/Workspace/Math24/build/CMakeFiles/CMakeTmp/CheckSymbolExists.c
Linking C executable cmTC_48dbc
/usr/bin/cmake -E cmake_link_script CMakeFiles/cmTC_48dbc.dir/link.txt --verbose=1
/usr/bin/cc CMakeFiles/cmTC_48dbc.dir/CheckSymbolExists.c.o -o cmTC_48dbc 
gmake[1]: Leaving directory '/home/joe/Desktop/Workspace/Math24/build/CMakeFiles/CMakeTmp'


File /home/joe/Desktop/Workspace/Math24/build/CMakeFiles/CMakeTmp/CheckSymbolExists.c:
/* */
#include <dirent.h>

int main(int argc, char** argv)
{
  (void)argv;
#ifndef scandir
  return ((int*)(&scandir))[argc];
#else
  (void)argc;
  return 0;
#endif
}
Determining if the snprintf exist passed with the following output:
Change Dir: /home/joe/Desktop/Workspace/Math24/build/CMakeFiles/CMakeTmp

Run Build Command(s):/usr/bin/gmake -f Makefile cmTC_ae2f7/fast && /usr/bin/gmake  -f CMakeFiles/cmTC_ae2f7.dir/build.make CMakeFiles/cmTC_ae2f7.dir/build
gmake[1]: Entering directory '/home/joe/Desktop/Workspace/Math24/build/CMakeFiles/CMakeTmp'
Building C object CMakeFiles/cmTC_ae2f7.dir/CheckSymbolExists.c.o
/usr/bin/cc    -o CMakeFiles/cmTC_ae2f7.dir/CheckSymbolExists.c.o -c /home/joe/Desktop/Workspace/Math24/build/CMakeFiles/CMakeTmp/CheckSymbolExists.c
Linking C executable cmTC_ae2f7
/usr/bin/cmake -E cmake_link_script CMakeFiles/cmTC_ae2f7.dir/link.txt --verbose=1
/usr/bin/cc CMakeFiles/cmTC_ae2f7.dir/CheckSymbolExists.c.o -o cmTC_ae2f7 
gmake[1]: Leaving directory '/home/joe/Desktop/Workspace/Math24/build/CMakeFiles/CMakeTmp'


File /home/joe/Desktop/Workspace/Math24/build/CMakeFiles/CMakeTmp/CheckSymbolExists.c:
/* */
#include <stdio.h>

int main(int argc, char** argv)
{
  (void)argv;
#ifndef snprintf
  return ((int*)(&snprintf))[argc];
#else
  (void)argc;
  return 0;
#endif
}
Determining if the strcasecmp exist passed with the following output:
Change Dir: /home/joe/Desktop/Workspace/Math24/build/CMakeFiles/CMakeTmp

Run Build Command(s):/usr/bin/gmake -f Makefile cmTC_1b121/fast && /usr/bin/gmake  -f CMakeFiles/cmTC_1b121.dir/build.make CMakeFiles/cmTC_1b121.dir/build
gmake[1]: Entering directory '/home/joe/Desktop/Workspace/Math24/build/CMakeFiles/CMakeTmp'
Building C object CMakeFiles/cmTC_1b121.dir/CheckSymbolExists.c.o
/usr/bin/cc    -o CMakeFiles/cmTC_1b121.dir/CheckSymbolExists.c.o -c /home/joe/Desktop/Workspace/Math24/build/CMakeFiles/CMakeTmp/CheckSymbolExists.c
Linking C executable cmTC_1b121
/usr/bin/cmake -E cmake_link_script CMakeFiles/cmTC_1b121.dir/link.txt --verbose=1
/usr/bin/cc CMakeFiles/cmTC_1b121.dir/CheckSymbolExists.c.o -o cmTC_1b121 
gmake[1]: Leaving directory '/home/joe/Desktop/Workspace/Math24/build/CMakeFiles/CMakeTmp'


File /home/joe/Desktop/Workspace/Math24/build/CMakeFiles/CMakeTmp/CheckSymbolExists.c:
/* */
#include <strings.h>

int main(int argc, char** argv)
{
  (void)argv;
#ifndef strcasecmp
  return ((int*)(&strcasecmp))[argc];
#else
  (void)argc;
  return 0;
#endif
}
Determining if the vsnprintf exist passed with the following output:
Change Dir: /home/joe/Desktop/Workspace/Math24/build/CMakeFiles/CMakeTmp

Run Build Command(s):/usr/bin/gmake -f Makefile cmTC_aa67b/fast && /usr/bin/gmake  -f CMakeFiles/cmTC_aa67b.dir/build.make CMakeFiles/cmTC_aa67b.dir/build
gmake[1]: Entering directory '/home/joe/Desktop/Workspace/Math24/build/CMakeFiles/CMakeTmp'
Building C object CMakeFiles/cmTC_aa67b.dir/CheckSymbolExists.c.o
/usr/bin/cc    -o CMakeFiles/cmTC_aa67b.dir/CheckSymbolExists.c.o -c /home/joe/Desktop/Workspace/Math24/build/CMakeFiles/CMakeTmp/CheckSymbolExists.c
Linking C executable cmTC_aa67b
/usr/bin/cmake -E cmake_link_script CMakeFiles/cmTC_aa67b.dir/link.txt --verbose=1
/usr/bin/cc CMakeFiles/cmTC_aa67b.dir/CheckSymbolExists.c.o -o cmTC_aa67b 
gmake[1]: Leaving directory '/home/joe/Desktop/Workspace/Math24/build/CMakeFiles/CMakeTmp'


File /home/joe/Desktop/Workspace/Math24/build/CMakeFiles/CMakeTmp/CheckSymbolExists.c:
/* */
#include <stdio.h>

int main(int argc, char** argv)
{
  (void)argv;
#ifndef vsnprintf
  return ((int*)(&vsnprintf))[argc];
#else
  (void)argc;
  return 0;
#endif
}
Determining if the setenv exist passed with the following output:
Change Dir: /home/joe/Desktop/Workspace/Math24/build/CMakeFiles/CMakeTmp

Run Build Command(s):/usr/bin/gmake -f Makefile cmTC_9a2b7/fast && /usr/bin/gmake  -f CMakeFiles/cmTC_9a2b7.dir/build.make CMakeFiles/cmTC_9a2b7.dir/build
gmake[1]: Entering directory '/home/joe/Desktop/Workspace/Math24/build/CMakeFiles/CMakeTmp'
Building C object CMakeFiles/cmTC_9a2b7.dir/CheckSymbolExists.c.o
/usr/bin/cc    -o CMakeFiles/cmTC_9a2b7.dir/CheckSymbolExists.c.o -c /home/joe/Desktop/Workspace/Math24/build/CMakeFiles/CMakeTmp/CheckSymbolExists.c
Linking C executable cmTC_9a2b7
/usr/bin/cmake -E cmake_link_script CMakeFiles/cmTC_9a2b7.dir/link.txt --verbose=1
/usr/bin/cc CMakeFiles/cmTC_9a2b7.dir/CheckSymbolExists.c.o -o cmTC_9a2b7 
gmake[1]: Leaving directory '/home/joe/Desktop/Workspace/Math24/build/CMakeFiles/CMakeTmp'


File /home/joe/Desktop/Workspace/Math24/build/CMakeFiles/CMakeTmp/CheckSymbolExists.c:
/* */
#include <stdlib.h>

int main(int argc, char** argv)
{
  (void)argv;
#ifndef setenv
  return ((int*)(&setenv))[argc];
#else
  (void)argc;
  return 0;
#endif
}
Determining if the trunc exist passed with the following output:
Change Dir: /home/joe/Desktop/Workspace/Math24/build/CMakeFiles/CMakeTmp

Run Build Command(s):/usr/bin/gmake -f Makefile cmTC_32b18/fast && /usr/bin/gmake  -f CMakeFiles/cmTC_32b18.dir/build.make CMakeFiles/cmTC_32b18.dir/build
gmake[1]: Entering directory '/home/joe/Desktop/Workspace/Math24/build/CMakeFiles/CMakeTmp'
Building C object CMakeFiles/cmTC_32b18.dir/CheckSymbolExists.c.o
/usr/bin/cc    -o CMakeFiles/cmTC_32b18.dir/CheckSymbolExists.c.o -c /home/joe/Desktop/Workspace/Math24/build/CMakeFiles/CMakeTmp/CheckSymbolExists.c
Linking C executable cmTC_32b18
/usr/bin/cmake -E cmake_link_script CMakeFiles/cmTC_32b18.dir/link.txt --verbose=1
/usr/bin/cc CMakeFiles/cmTC_32b18.dir/CheckSymbolExists.c.o -o cmTC_32b18  -lm 
gmake[1]: Leaving directory '/home/joe/Desktop/Workspace/Math24/build/CMakeFiles/CMakeTmp'


File /home/joe/Desktop/Workspace/Math24/build/CMakeFiles/CMakeTmp/CheckSymbolExists.c:
/* */
#include <math.h>

int main(int argc, char** argv)
{
  (void)argv;
#ifndef trunc
  return ((int*)(&trunc))[argc];
#else
  (void)argc;
  return 0;
#endif
}
Determining if the include file png.h exists passed with the following output:
Change Dir: /home/joe/Desktop/Workspace/Math24/build/CMakeFiles/CMakeTmp

Run Build Command(s):/usr/bin/gmake -f Makefile cmTC_5c7e8/fast && /usr/bin/gmake  -f CMakeFiles/cmTC_5c7e8.dir/build.make CMakeFiles/cmTC_5c7e8.dir/build
gmake[1]: Entering directory '/home/joe/Desktop/Workspace/Math24/build/CMakeFiles/CMakeTmp'
Building C object CMakeFiles/cmTC_5c7e8.dir/CheckIncludeFile.c.o
/usr/bin/cc    -o CMakeFiles/cmTC_5c7e8.dir/CheckIncludeFile.c.o -c /home/joe/Desktop/Workspace/Math24/build/CMakeFiles/CMakeTmp/CheckIncludeFile.c
Linking C executable cmTC_5c7e8
/usr/bin/cmake -E cmake_link_script CMakeFiles/cmTC_5c7e8.dir/link.txt --verbose=1
/usr/bin/cc CMakeFiles/cmTC_5c7e8.dir/CheckIncludeFile.c.o -o cmTC_5c7e8 
gmake[1]: Leaving directory '/home/joe/Desktop/Workspace/Math24/build/CMakeFiles/CMakeTmp'



Determining if the function XOpenDisplay exists in the /usr/lib/x86_64-linux-gnu/libX11.so;/usr/lib/x86_64-linux-gnu/libXext.so passed with the following output:
Change Dir: /home/joe/Desktop/Workspace/Math24/build/CMakeFiles/CMakeTmp

Run Build Command(s):/usr/bin/gmake -f Makefile cmTC_59eae/fast && /usr/bin/gmake  -f CMakeFiles/cmTC_59eae.dir/build.make CMakeFiles/cmTC_59eae.dir/build
gmake[1]: Entering directory '/home/joe/Desktop/Workspace/Math24/build/CMakeFiles/CMakeTmp'
Building C object CMakeFiles/cmTC_59eae.dir/CheckFunctionExists.c.o
/usr/bin/cc   -DCHECK_FUNCTION_EXISTS=XOpenDisplay -o CMakeFiles/cmTC_59eae.dir/CheckFunctionExists.c.o -c /usr/share/cmake-3.22/Modules/CheckFunctionExists.c
Linking C executable cmTC_59eae
/usr/bin/cmake -E cmake_link_script CMakeFiles/cmTC_59eae.dir/link.txt --verbose=1
/usr/bin/cc  -DCHECK_FUNCTION_EXISTS=XOpenDisplay CMakeFiles/cmTC_59eae.dir/CheckFunctionExists.c.o -o cmTC_59eae  /usr/lib/x86_64-linux-gnu/libX11.so /usr/lib/x86_64-linux-gnu/libXext.so 
gmake[1]: Leaving directory '/home/joe/Desktop/Workspace/Math24/build/CMakeFiles/CMakeTmp'



Determining if the function gethostbyname exists passed with the following output:
Change Dir: /home/joe/Desktop/Workspace/Math24/build/CMakeFiles/CMakeTmp

Run Build Command(s):/usr/bin/gmake -f Makefile cmTC_2a240/fast && /usr/bin/gmake  -f CMakeFiles/cmTC_2a240.dir/build.make CMakeFiles/cmTC_2a240.dir/build
gmake[1]: Entering directory '/home/joe/Desktop/Workspace/Math24/build/CMakeFiles/CMakeTmp'
Building C object CMakeFiles/cmTC_2a240.dir/CheckFunctionExists.c.o
/usr/bin/cc   -DCHECK_FUNCTION_EXISTS=gethostbyname -o CMakeFiles/cmTC_2a240.dir/CheckFunctionExists.c.o -c /usr/share/cmake-3.22/Modules/CheckFunctionExists.c
Linking C executable cmTC_2a240
/usr/bin/cmake -E cmake_link_script CMakeFiles/cmTC_2a240.dir/link.txt --verbose=1
/usr/bin/cc  -DCHECK_FUNCTION_EXISTS=gethostbyname CMakeFiles/cmTC_2a240.dir/CheckFunctionExists.c.o -o cmTC_2a240 
gmake[1]: Leaving directory '/home/joe/Desktop/Workspace/Math24/build/CMakeFiles/CMakeTmp'



Determining if the function connect exists passed with the following output:
Change Dir: /home/joe/Desktop/Workspace/Math24/build/CMakeFiles/CMakeTmp

Run Build Command(s):/usr/bin/gmake -f Makefile cmTC_d8179/fast && /usr/bin/gmake  -f CMakeFiles/cmTC_d8179.dir/build.make CMakeFiles/cmTC_d8179.dir/build
gmake[1]: Entering directory '/home/joe/Desktop/Workspace/Math24/build/CMakeFiles/CMakeTmp'
Building C object CMakeFiles/cmTC_d8179.dir/CheckFunctionExists.c.o
/usr/bin/cc   -DCHECK_FUNCTION_EXISTS=connect -o CMakeFiles/cmTC_d8179.dir/CheckFunctionExists.c.o -c /usr/share/cmake-3.22/Modules/CheckFunctionExists.c
Linking C executable cmTC_d8179
/usr/bin/cmake -E cmake_link_script CMakeFiles/cmTC_d8179.dir/link.txt --verbose=1
/usr/bin/cc  -DCHECK_FUNCTION_EXISTS=connect CMakeFiles/cmTC_d8179.dir/CheckFunctionExists.c.o -o cmTC_d8179 
gmake[1]: Leaving directory '/home/joe/Desktop/Workspace/Math24/build/CMakeFiles/CMakeTmp'



Determining if the function remove exists passed with the following output:
Change Dir: /home/joe/Desktop/Workspace/Math24/build/CMakeFiles/CMakeTmp

Run Build Command(s):/usr/bin/gmake -f Makefile cmTC_024a3/fast && /usr/bin/gmake  -f CMakeFiles/cmTC_024a3.dir/build.make CMakeFiles/cmTC_024a3.dir/build
gmake[1]: Entering directory '/home/joe/Desktop/Workspace/Math24/build/CMakeFiles/CMakeTmp'
Building C object CMakeFiles/cmTC_024a3.dir/CheckFunctionExists.c.o
/usr/bin/cc   -DCHECK_FUNCTION_EXISTS=remove -o CMakeFiles/cmTC_024a3.dir/CheckFunctionExists.c.o -c /usr/share/cmake-3.22/Modules/CheckFunctionExists.c
Linking C executable cmTC_024a3
/usr/bin/cmake -E cmake_link_script CMakeFiles/cmTC_024a3.dir/link.txt --verbose=1
/usr/bin/cc  -DCHECK_FUNCTION_EXISTS=remove CMakeFiles/cmTC_024a3.dir/CheckFunctionExists.c.o -o cmTC_024a3 
gmake[1]: Leaving directory '/home/joe/Desktop/Workspace/Math24/build/CMakeFiles/CMakeTmp'



Determining if the function shmat exists passed with the following output:
Change Dir: /home/joe/Desktop/Workspace/Math24/build/CMakeFiles/CMakeTmp

Run Build Command(s):/usr/bin/gmake -f Makefile cmTC_e4df5/fast && /usr/bin/gmake  -f CMakeFiles/cmTC_e4df5.dir/build.make CMakeFiles/cmTC_e4df5.dir/build
gmake[1]: Entering directory '/home/joe/Desktop/Workspace/Math24/build/CMakeFiles/CMakeTmp'
Building C object CMakeFiles/cmTC_e4df5.dir/CheckFunctionExists.c.o
/usr/bin/cc   -DCHECK_FUNCTION_EXISTS=shmat -o CMakeFiles/cmTC_e4df5.dir/CheckFunctionExists.c.o -c /usr/share/cmake-3.22/Modules/CheckFunctionExists.c
Linking C executable cmTC_e4df5
/usr/bin/cmake -E cmake_link_script CMakeFiles/cmTC_e4df5.dir/link.txt --verbose=1
/usr/bin/cc  -DCHECK_FUNCTION_EXISTS=shmat CMakeFiles/cmTC_e4df5.dir/CheckFunctionExists.c.o -o cmTC_e4df5 
gmake[1]: Leaving directory '/home/joe/Desktop/Workspace/Math24/build/CMakeFiles/CMakeTmp'



Determining if the function IceConnectionNumber exists in the ICE passed with the following output:
Change Dir: /home/joe/Desktop/Workspace/Math24/build/CMakeFiles/CMakeTmp

Run Build Command(s):/usr/bin/gmake -f Makefile cmTC_e6c4e/fast && /usr/bin/gmake  -f CMakeFiles/cmTC_e6c4e.dir/build.make CMakeFiles/cmTC_e6c4e.dir/build
gmake[1]: Entering directory '/home/joe/Desktop/Workspace/Math24/build/CMakeFiles/CMakeTmp'
Building C object CMakeFiles/cmTC_e6c4e.dir/CheckFunctionExists.c.o
/usr/bin/cc   -DCHECK_FUNCTION_EXISTS=IceConnectionNumber -o CMakeFiles/cmTC_e6c4e.dir/CheckFunctionExists.c.o -c /usr/share/cmake-3.22/Modules/CheckFunctionExists.c
Linking C executable cmTC_e6c4e
/usr/bin/cmake -E cmake_link_script CMakeFiles/cmTC_e6c4e.dir/link.txt --verbose=1
/usr/bin/cc  -DCHECK_FUNCTION_EXISTS=IceConnectionNumber CMakeFiles/cmTC_e6c4e.dir/CheckFunctionExists.c.o -o cmTC_e6c4e  -lICE 
gmake[1]: Leaving directory '/home/joe/Desktop/Workspace/Math24/build/CMakeFiles/CMakeTmp'



Determining if the glXGetProcAddressARB exist passed with the following output:
Change Dir: /home/joe/Desktop/Workspace/Math24/build/CMakeFiles/CMakeTmp

Run Build Command(s):/usr/bin/gmake -f Makefile cmTC_ca6bd/fast && /usr/bin/gmake  -f CMakeFiles/cmTC_ca6bd.dir/build.make CMakeFiles/cmTC_ca6bd.dir/build
gmake[1]: Entering directory '/home/joe/Desktop/Workspace/Math24/build/CMakeFiles/CMakeTmp'
Building C object CMakeFiles/cmTC_ca6bd.dir/CheckSymbolExists.c.o
/usr/bin/cc  -I/usr/include/GL  -o CMakeFiles/cmTC_ca6bd.dir/CheckSymbolExists.c.o -c /home/joe/Desktop/Workspace/Math24/build/CMakeFiles/CMakeTmp/CheckSymbolExists.c
Linking C executable cmTC_ca6bd
/usr/bin/cmake -E cmake_link_script CMakeFiles/cmTC_ca6bd.dir/link.txt --verbose=1
/usr/bin/cc CMakeFiles/cmTC_ca6bd.dir/CheckSymbolExists.c.o -o cmTC_ca6bd  -L/usr/lib/x86_64-linux-gnu -L/usr/lib/x86_64-linux-gnu -lX11 -lGLU -lGL 
gmake[1]: Leaving directory '/home/joe/Desktop/Workspace/Math24/build/CMakeFiles/CMakeTmp'


File /home/joe/Desktop/Workspace/Math24/build/CMakeFiles/CMakeTmp/CheckSymbolExists.c:
/* */
#include <glx.h>

int main(int argc, char** argv)
{
  (void)argv;
#ifndef glXGetProcAddressARB
  return ((int*)(&glXGetProcAddressARB))[argc];
#else
  (void)argc;
  return 0;
#endif
}
Determining if the include file pthread.h exists passed with the following output:
Change Dir: /home/joe/Desktop/Workspace/Math24/build/CMakeFiles/CMakeTmp

Run Build Command(s):/usr/bin/gmake -f Makefile cmTC_55206/fast && /usr/bin/gmake  -f CMakeFiles/cmTC_55206.dir/build.make CMakeFiles/cmTC_55206.dir/build
gmake[1]: Entering directory '/home/joe/Desktop/Workspace/Math24/build/CMakeFiles/CMakeTmp'
Building C object CMakeFiles/cmTC_55206.dir/CheckIncludeFile.c.o
/usr/bin/cc  -I/usr/include/GL  -o CMakeFiles/cmTC_55206.dir/CheckIncludeFile.c.o -c /home/joe/Desktop/Workspace/Math24/build/CMakeFiles/CMakeTmp/CheckIncludeFile.c
Linking C executable cmTC_55206
/usr/bin/cmake -E cmake_link_script CMakeFiles/cmTC_55206.dir/link.txt --verbose=1
/usr/bin/cc CMakeFiles/cmTC_55206.dir/CheckIncludeFile.c.o -o cmTC_55206 
gmake[1]: Leaving directory '/home/joe/Desktop/Workspace/Math24/build/CMakeFiles/CMakeTmp'



Performing C SOURCE FILE Test CMAKE_HAVE_LIBC_PTHREAD succeeded with the following output:
Change Dir: /home/joe/Desktop/Workspace/Math24/build/CMakeFiles/CMakeTmp

Run Build Command(s):/usr/bin/gmake -f Makefile cmTC_fcbd9/fast && /usr/bin/gmake  -f CMakeFiles/cmTC_fcbd9.dir/build.make CMakeFiles/cmTC_fcbd9.dir/build
gmake[1]: Entering directory '/home/joe/Desktop/Workspace/Math24/build/CMakeFiles/CMakeTmp'
Building C object CMakeFiles/cmTC_fcbd9.dir/src.c.o
/usr/bin/cc -DCMAKE_HAVE_LIBC_PTHREAD -I/usr/include/GL  -o CMakeFiles/cmTC_fcbd9.dir/src.c.o -c /home/joe/Desktop/Workspace/Math24/build/CMakeFiles/CMakeTmp/src.c
Linking C executable cmTC_fcbd9
/usr/bin/cmake -E cmake_link_script CMakeFiles/cmTC_fcbd9.dir/link.txt --verbose=1
/usr/bin/cc CMakeFiles/cmTC_fcbd9.dir/src.c.o -o cmTC_fcbd9 
gmake[1]: Leaving directory '/home/joe/Desktop/Workspace/Math24/build/CMakeFiles/CMakeTmp'


Source file was:
#include <pthread.h>

static void* test_func(void* data)
{
  return data;
}

int main(void)
{
  pthread_t thread;
  pthread_create(&thread, NULL, test_func, NULL);
  pthread_detach(thread);
  pthread_cancel(thread);
  pthread_join(thread, NULL);
  pthread_atfork(NULL, NULL, NULL);
  pthread_exit(NULL);

  return 0;
}

